[Licensing::Module] Trying to connect to existing licensing client channel...
[Licensing::IpcConnector] Successfully connected to the License Client on channel: "LicenseClient-Raj Brass" at "2026-08-05T13:09:55.2783629Z"
[Licensing::Client] Error: Code 10 while verifying Licensing Client signature (process Id: 5080, path: "C:/Program Files/Unity Hub/UnityLicensingClient_V1/Unity.Licensing.Client.exe")
[Licensing::Module] Error: LicensingClient has failed validation; ignoring
[Licensing::Client] Handshaking with LicensingClient:
  Version:                 1.17.4+4293ba1
  Session Id:              42ea96e6ce924958a37c4e888b4391d5
  Correlation Id:          7417ffab5c90dba34b4940ddd2b9b887
  External correlation Id: 4752406644672017067
  Machine Id:              NCht30bPUYmHQXFv5pZZ6H7jJHQ=
[Licensing::Module] Successfully connected to LicensingClient on channel: "LicenseClient-Raj Brass" (connect: 0.00s, validation: 0.02s, handshake: 0.07s)
[Licensing::IpcConnector] Successfully connected to the License Notification on channel: "LicenseClient-Raj Brass-notifications" at "2026-08-05T13:09:55.3623049Z"
[Licensing::Module] Error: Access token is unavailable; failed to update
[Licensing::Client] Successfully updated license
Built from '2022.3/staging' branch; Version is '2022.3.40f1 (cbdda657d2f0) revision 13360550'; Using compiler version '192829333'; Build Type 'Release'
OS: 'Windows 11  (10.0.26200) 64bit Professional' Language: 'en' Physical Memory: 7916 MB
[Licensing::Client] Successfully resolved entitlement details
[Licensing::Module] Serial number assigned to: "13469882743373-krish7122006-UnityProStuXXXX"
BatchMode: 1, IsHumanControllingUs: 0, StartBugReporterOnCrash: 0, Is64bit: 1, IsPro: 1
[Licensing::Client] Successfully resolved entitlement details

COMMAND LINE ARGUMENTS:
D:\2022.3.40f1\Editor\Unity.exe
-quit
-batchmode
-projectPath
d:\RESEARCH\laalo\laalo\TelloUnityDemo
-executeMethod
TelloUnityDemo.Editor.ArchitectureSceneSetup.SetupScene
-logFile
d:\RESEARCH\laalo\laalo\TelloUnityDemo\setup4.log
Successfully changed project path to: d:\RESEARCH\laalo\laalo\TelloUnityDemo
D:/RESEARCH/laalo/laalo/TelloUnityDemo
[UnityMemory] Configuration Parameters - Can be set up in boot.config
    "memorysetup-bucket-allocator-granularity=16"
    "memorysetup-bucket-allocator-bucket-count=8"
    "memorysetup-bucket-allocator-block-size=33554432"
    "memorysetup-bucket-allocator-block-count=8"
    "memorysetup-main-allocator-block-size=16777216"
    "memorysetup-thread-allocator-block-size=16777216"
    "memorysetup-gfx-main-allocator-block-size=16777216"
    "memorysetup-gfx-thread-allocator-block-size=16777216"
    "memorysetup-cache-allocator-block-size=4194304"
    "memorysetup-typetree-allocator-block-size=2097152"
    "memorysetup-profiler-bucket-allocator-granularity=16"
    "memorysetup-profiler-bucket-allocator-bucket-count=8"
    "memorysetup-profiler-bucket-allocator-block-size=33554432"
    "memorysetup-profiler-bucket-allocator-block-count=8"
    "memorysetup-profiler-allocator-block-size=16777216"
    "memorysetup-profiler-editor-allocator-block-size=1048576"
    "memorysetup-temp-allocator-size-main=16777216"
    "memorysetup-job-temp-allocator-block-size=2097152"
    "memorysetup-job-temp-allocator-block-size-background=1048576"
    "memorysetup-job-temp-allocator-reduction-small-platforms=262144"
    "memorysetup-allocator-temp-initial-block-size-main=262144"
    "memorysetup-allocator-temp-initial-block-size-worker=262144"
    "memorysetup-temp-allocator-size-background-worker=32768"
    "memorysetup-temp-allocator-size-job-worker=262144"
    "memorysetup-temp-allocator-size-preload-manager=33554432"
    "memorysetup-temp-allocator-size-nav-mesh-worker=65536"
    "memorysetup-temp-allocator-size-audio-worker=65536"
    "memorysetup-temp-allocator-size-cloud-worker=32768"
    "memorysetup-temp-allocator-size-gi-baking-worker=262144"
    "memorysetup-temp-allocator-size-gfx=262144"
Player connection [17396]  Target information:

Player connection [17396]  * "[IP] 10.0.101.38 [Port] 55504 [Flags] 2 [Guid] 3891975553 [EditorId] 3891975553 [Version] 1048832 [Id] WindowsEditor(7,krish) [Debug] 1 [PackageName] WindowsEditor [ProjectName] Editor" 

Player connection [17396] Host joined multi-casting on [225.0.0.222:54997]...
Player connection [17396] Host joined alternative multi-casting on [225.0.0.222:34997]...
[PhysX] Initialized MultithreadedTaskDispatcher with 8 workers.
[Package Manager] UpmClient::Connect -- Connected to IPC stream "Upm-6904" after 0.5 seconds.
[Package Manager] Restoring resolved packages state from cache
[Licensing::Client] Successfully resolved entitlement details
[Package Manager] Registered 64 packages:
  Packages from [https://packages.unity.com]:
    com.meta.xr.sdk.all@201.0.0 (location: D:\RESEARCH\laalo\laalo\TelloUnityDemo\Library\PackageCache\com.meta.xr.sdk.all@201.0.0)
    com.unity.ads@4.4.2 (location: D:\RESEARCH\laalo\laalo\TelloUnityDemo\Library\PackageCache\com.unity.ads@4.4.2)
    com.unity.ai.navigation@1.1.5 (location: D:\RESEARCH\laalo\laalo\TelloUnityDemo\Library\PackageCache\com.unity.ai.navigation@1.1.5)
    com.unity.analytics@3.8.1 (location: D:\RESEARCH\laalo\laalo\TelloUnityDemo\Library\PackageCache\com.unity.analytics@3.8.1)
    com.unity.collab-proxy@2.4.4 (location: D:\RESEARCH\laalo\laalo\TelloUnityDemo\Library\PackageCache\com.unity.collab-proxy@2.4.4)
    com.unity.ide.rider@3.0.31 (location: D:\RESEARCH\laalo\laalo\TelloUnityDemo\Library\PackageCache\com.unity.ide.rider@3.0.31)
    com.unity.ide.visualstudio@2.0.22 (location: D:\RESEARCH\laalo\laalo\TelloUnityDemo\Library\PackageCache\com.unity.ide.visualstudio@2.0.22)
    com.unity.ide.vscode@1.2.5 (location: D:\RESEARCH\laalo\laalo\TelloUnityDemo\Library\PackageCache\com.unity.ide.vscode@1.2.5)
    com.unity.test-framework@1.1.33 (location: D:\RESEARCH\laalo\laalo\TelloUnityDemo\Library\PackageCache\com.unity.test-framework@1.1.33)
    com.unity.textmeshpro@3.0.6 (location: D:\RESEARCH\laalo\laalo\TelloUnityDemo\Library\PackageCache\com.unity.textmeshpro@3.0.6)
    com.unity.timeline@1.7.6 (location: D:\RESEARCH\laalo\laalo\TelloUnityDemo\Library\PackageCache\com.unity.timeline@1.7.6)
    com.unity.ext.nunit@1.0.6 (location: D:\RESEARCH\laalo\laalo\TelloUnityDemo\Library\PackageCache\com.unity.ext.nunit@1.0.6)
    com.unity.services.analytics@5.0.0 (location: D:\RESEARCH\laalo\laalo\TelloUnityDemo\Library\PackageCache\com.unity.services.analytics@5.0.0)
    com.meta.xr.sdk.core@201.0.0 (location: D:\RESEARCH\laalo\laalo\TelloUnityDemo\Library\PackageCache\com.meta.xr.sdk.core@201.0.0)
    com.meta.xr.sdk.audio@85.0.0 (location: D:\RESEARCH\laalo\laalo\TelloUnityDemo\Library\PackageCache\com.meta.xr.sdk.audio@85.0.0)
    com.meta.xr.sdk.voice@85.0.0 (location: D:\RESEARCH\laalo\laalo\TelloUnityDemo\Library\PackageCache\com.meta.xr.sdk.voice@85.0.0)
    com.meta.xr.sdk.haptics@201.0.0 (location: D:\RESEARCH\laalo\laalo\TelloUnityDemo\Library\PackageCache\com.meta.xr.sdk.haptics@201.0.0)
    com.meta.xr.mrutilitykit@201.0.0 (location: D:\RESEARCH\laalo\laalo\TelloUnityDemo\Library\PackageCache\com.meta.xr.mrutilitykit@201.0.0)
    com.meta.xr.sdk.platform@201.0.0 (location: D:\RESEARCH\laalo\laalo\TelloUnityDemo\Library\PackageCache\com.meta.xr.sdk.platform@201.0.0)
    com.meta.xr.sdk.interaction@201.0.0 (location: D:\RESEARCH\laalo\laalo\TelloUnityDemo\Library\PackageCache\com.meta.xr.sdk.interaction@201.0.0)
    com.meta.xr.sdk.interaction.ovr@201.0.0 (location: D:\RESEARCH\laalo\laalo\TelloUnityDemo\Library\PackageCache\com.meta.xr.sdk.interaction.ovr@201.0.0)
    com.unity.services.core@1.12.5 (location: D:\RESEARCH\laalo\laalo\TelloUnityDemo\Library\PackageCache\com.unity.services.core@1.12.5)
    com.unity.inputsystem@1.7.0 (location: D:\RESEARCH\laalo\laalo\TelloUnityDemo\Library\PackageCache\com.unity.inputsystem@1.7.0)
    com.unity.nuget.newtonsoft-json@3.2.1 (location: D:\RESEARCH\laalo\laalo\TelloUnityDemo\Library\PackageCache\com.unity.nuget.newtonsoft-json@3.2.1)
    com.unity.xr.hands@1.7.2 (location: D:\RESEARCH\laalo\laalo\TelloUnityDemo\Library\PackageCache\com.unity.xr.hands@1.7.2)
    com.unity.mathematics@1.2.6 (location: D:\RESEARCH\laalo\laalo\TelloUnityDemo\Library\PackageCache\com.unity.mathematics@1.2.6)
    com.unity.xr.core-utils@2.3.0 (location: D:\RESEARCH\laalo\laalo\TelloUnityDemo\Library\PackageCache\com.unity.xr.core-utils@2.3.0)
    com.unity.xr.management@4.4.0 (location: D:\RESEARCH\laalo\laalo\TelloUnityDemo\Library\PackageCache\com.unity.xr.management@4.4.0)
    com.unity.xr.legacyinputhelpers@2.1.10 (location: D:\RESEARCH\laalo\laalo\TelloUnityDemo\Library\PackageCache\com.unity.xr.legacyinputhelpers@2.1.10)
  Built-in packages:
    com.unity.2d.sprite@1.0.0 (location: D:\RESEARCH\laalo\laalo\TelloUnityDemo\Library\PackageCache\com.unity.2d.sprite@1.0.0)
    com.unity.2d.tilemap@1.0.0 (location: D:\RESEARCH\laalo\laalo\TelloUnityDemo\Library\PackageCache\com.unity.2d.tilemap@1.0.0)
    com.unity.ugui@1.0.0 (location: D:\RESEARCH\laalo\laalo\TelloUnityDemo\Library\PackageCache\com.unity.ugui@1.0.0)
    com.unity.modules.ai@1.0.0 (location: D:\RESEARCH\laalo\laalo\TelloUnityDemo\Library\PackageCache\com.unity.modules.ai@1.0.0)
    com.unity.modules.androidjni@1.0.0 (location: D:\RESEARCH\laalo\laalo\TelloUnityDemo\Library\PackageCache\com.unity.modules.androidjni@1.0.0)
    com.unity.modules.animation@1.0.0 (location: D:\RESEARCH\laalo\laalo\TelloUnityDemo\Library\PackageCache\com.unity.modules.animation@1.0.0)
    com.unity.modules.assetbundle@1.0.0 (location: D:\RESEARCH\laalo\laalo\TelloUnityDemo\Library\PackageCache\com.unity.modules.assetbundle@1.0.0)
    com.unity.modules.audio@1.0.0 (location: D:\RESEARCH\laalo\laalo\TelloUnityDemo\Library\PackageCache\com.unity.modules.audio@1.0.0)
    com.unity.modules.cloth@1.0.0 (location: D:\RESEARCH\laalo\laalo\TelloUnityDemo\Library\PackageCache\com.unity.modules.cloth@1.0.0)
    com.unity.modules.director@1.0.0 (location: D:\RESEARCH\laalo\laalo\TelloUnityDemo\Library\PackageCache\com.unity.modules.director@1.0.0)
    com.unity.modules.imageconversion@1.0.0 (location: D:\RESEARCH\laalo\laalo\TelloUnityDemo\Library\PackageCache\com.unity.modules.imageconversion@1.0.0)
    com.unity.modules.imgui@1.0.0 (location: D:\RESEARCH\laalo\laalo\TelloUnityDemo\Library\PackageCache\com.unity.modules.imgui@1.0.0)
    com.unity.modules.jsonserialize@1.0.0 (location: D:\RESEARCH\laalo\laalo\TelloUnityDemo\Library\PackageCache\com.unity.modules.jsonserialize@1.0.0)
    com.unity.modules.particlesystem@1.0.0 (location: D:\RESEARCH\laalo\laalo\TelloUnityDemo\Library\PackageCache\com.unity.modules.particlesystem@1.0.0)
    com.unity.modules.physics@1.0.0 (location: D:\RESEARCH\laalo\laalo\TelloUnityDemo\Library\PackageCache\com.unity.modules.physics@1.0.0)
    com.unity.modules.physics2d@1.0.0 (location: D:\RESEARCH\laalo\laalo\TelloUnityDemo\Library\PackageCache\com.unity.modules.physics2d@1.0.0)
    com.unity.modules.screencapture@1.0.0 (location: D:\RESEARCH\laalo\laalo\TelloUnityDemo\Library\PackageCache\com.unity.modules.screencapture@1.0.0)
    com.unity.modules.terrain@1.0.0 (location: D:\RESEARCH\laalo\laalo\TelloUnityDemo\Library\PackageCache\com.unity.modules.terrain@1.0.0)
    com.unity.modules.terrainphysics@1.0.0 (location: D:\RESEARCH\laalo\laalo\TelloUnityDemo\Library\PackageCache\com.unity.modules.terrainphysics@1.0.0)
    com.unity.modules.tilemap@1.0.0 (location: D:\RESEARCH\laalo\laalo\TelloUnityDemo\Library\PackageCache\com.unity.modules.tilemap@1.0.0)
    com.unity.modules.ui@1.0.0 (location: D:\RESEARCH\laalo\laalo\TelloUnityDemo\Library\PackageCache\com.unity.modules.ui@1.0.0)
    com.unity.modules.uielements@1.0.0 (location: D:\RESEARCH\laalo\laalo\TelloUnityDemo\Library\PackageCache\com.unity.modules.uielements@1.0.0)
    com.unity.modules.umbra@1.0.0 (location: D:\RESEARCH\laalo\laalo\TelloUnityDemo\Library\PackageCache\com.unity.modules.umbra@1.0.0)
    com.unity.modules.unityanalytics@1.0.0 (location: D:\RESEARCH\laalo\laalo\TelloUnityDemo\Library\PackageCache\com.unity.modules.unityanalytics@1.0.0)
    com.unity.modules.unitywebrequest@1.0.0 (location: D:\RESEARCH\laalo\laalo\TelloUnityDemo\Library\PackageCache\com.unity.modules.unitywebrequest@1.0.0)
    com.unity.modules.unitywebrequestassetbundle@1.0.0 (location: D:\RESEARCH\laalo\laalo\TelloUnityDemo\Library\PackageCache\com.unity.modules.unitywebrequestassetbundle@1.0.0)
    com.unity.modules.unitywebrequestaudio@1.0.0 (location: D:\RESEARCH\laalo\laalo\TelloUnityDemo\Library\PackageCache\com.unity.modules.unitywebrequestaudio@1.0.0)
    com.unity.modules.unitywebrequesttexture@1.0.0 (location: D:\RESEARCH\laalo\laalo\TelloUnityDemo\Library\PackageCache\com.unity.modules.unitywebrequesttexture@1.0.0)
    com.unity.modules.unitywebrequestwww@1.0.0 (location: D:\RESEARCH\laalo\laalo\TelloUnityDemo\Library\PackageCache\com.unity.modules.unitywebrequestwww@1.0.0)
    com.unity.modules.vehicles@1.0.0 (location: D:\RESEARCH\laalo\laalo\TelloUnityDemo\Library\PackageCache\com.unity.modules.vehicles@1.0.0)
    com.unity.modules.video@1.0.0 (location: D:\RESEARCH\laalo\laalo\TelloUnityDemo\Library\PackageCache\com.unity.modules.video@1.0.0)
    com.unity.modules.vr@1.0.0 (location: D:\RESEARCH\laalo\laalo\TelloUnityDemo\Library\PackageCache\com.unity.modules.vr@1.0.0)
    com.unity.modules.wind@1.0.0 (location: D:\RESEARCH\laalo\laalo\TelloUnityDemo\Library\PackageCache\com.unity.modules.wind@1.0.0)
    com.unity.modules.xr@1.0.0 (location: D:\RESEARCH\laalo\laalo\TelloUnityDemo\Library\PackageCache\com.unity.modules.xr@1.0.0)
    com.unity.modules.subsystems@1.0.0 (location: D:\RESEARCH\laalo\laalo\TelloUnityDemo\Library\PackageCache\com.unity.modules.subsystems@1.0.0)
[Subsystems] No new subsystems found in resolved package list.
Package Manager log level set to [2]
[Package Manager] Done registering packages in 0.19 seconds
Refreshing native plugins compatible for Editor in 21.54 ms, found 18 plugins.
Unity memory allocator detected: MetaXRAudio native memory allocations will be tracked.
Preloading 2 native plugins for Editor in 5.65 ms.
Initialize engine version: 2022.3.40f1 (cbdda657d2f0)
[Subsystems] Discovering subsystems at path D:/2022.3.40f1/Editor/Data/Resources/UnitySubsystems
[Subsystems] Discovering subsystems at path D:/RESEARCH/laalo/laalo/TelloUnityDemo/Assets
GfxDevice: creating device client; threaded=0; jobified=0
Direct3D:
    Version:  Direct3D 11.0 [level 11.1]
    Renderer: Intel(R) UHD Graphics (ID=0x46b3)
    Vendor:   Intel
    VRAM:     3958 MB
    Driver:   32.0.101.7082
Shader 'Meta/MRUK/Scene/HighlightsAndShadows': fallback shader 'Off' not found
Shader 'Oculus/OVRMRCameraFrameLit': fallback shader 'Alpha-Diffuse' not found
[Licensing::Client] Successfully resolved entitlement details
Initialize mono
Mono path[0] = 'D:/2022.3.40f1/Editor/Data/Managed'
Mono path[1] = 'D:/2022.3.40f1/Editor/Data/MonoBleedingEdge/lib/mono/unityjit-win32'
Mono config path = 'D:/2022.3.40f1/Editor/Data/MonoBleedingEdge/etc'
Using monoOptions --debugger-agent=transport=dt_socket,embedding=1,server=y,suspend=n,address=127.0.0.1:56904
Using cacheserver namespaces - metadata:defaultmetadata, artifacts:defaultartifacts
Using cacheserver namespaces - metadata:defaultmetadata, artifacts:defaultartifacts
ImportWorker Server TCP listen port: 0
Begin MonoManager ReloadAssembly
Registering precompiled unity dll's ...
[Licensing::Client] Successfully resolved entitlement details
Register platform support module: D:/2022.3.40f1/Editor/Data/PlaybackEngines/AndroidPlayer/UnityEditor.Android.Extensions.dll
Register platform support module: D:/2022.3.40f1/Editor/Data/PlaybackEngines/WindowsStandaloneSupport/UnityEditor.WindowsStandalone.Extensions.dll
Registered in 0.021176 seconds.
- Loaded All Assemblies, in  0.441 seconds
Native extension for WindowsStandalone target not found
Native extension for Android target not found
Android Extension - Scanning For ADB Devices 2940 ms
Mono: successfully reloaded assembly
- Finished resetting the current domain, in  3.344 seconds
Domain Reload Profiling: 3785ms
	BeginReloadAssembly (131ms)
		ExecutionOrderSort (0ms)
		DisableScriptedObjects (0ms)
		BackupInstance (0ms)
		ReleaseScriptingObjects (0ms)
		CreateAndSetChildDomain (1ms)
	RebuildCommonClasses (38ms)
	RebuildNativeTypeToScriptingClass (11ms)
	initialDomainReloadingComplete (77ms)
	LoadAllAssembliesAndSetupDomain (183ms)
		LoadAssemblies (131ms)
		RebuildTransferFunctionScriptingTraits (0ms)
		AnalyzeDomain (179ms)
			TypeCache.Refresh (176ms)
				TypeCache.ScanAssembly (162ms)
			ScanForSourceGeneratedMonoScriptInfo (1ms)
			ResolveRequiredComponents (1ms)
	FinalizeReload (3344ms)
		ReleaseScriptCaches (0ms)
		RebuildScriptCaches (0ms)
		SetupLoadedEditorAssemblies (3290ms)
			LogAssemblyErrors (0ms)
			InitializePlatformSupportModulesInManaged (3072ms)
			SetLoadedEditorAssemblies (4ms)
			RefreshPlugins (0ms)
			BeforeProcessingInitializeOnLoad (5ms)
			ProcessInitializeOnLoadAttributes (153ms)
			ProcessInitializeOnLoadMethodAttributes (56ms)
			AfterProcessingInitializeOnLoad (0ms)
			EditorAssembliesLoaded (0ms)
		ExecutionOrderSort2 (0ms)
		AwakeInstancesAfterBackupRestoration (0ms)
[Licensing::Client] Successfully resolved entitlement details
Application.AssetDatabase Initial Refresh Start
[ScriptCompilation] Requested script compilation because: Assetdatabase observed changes in script compilation related files
info: Microsoft.Hosting.Lifetime[14]
      Now listening on: http://localhost:80
info: Microsoft.Hosting.Lifetime[0]
      Application started. Press Ctrl+C to shut down.
info: Microsoft.Hosting.Lifetime[0]
      Hosting environment: Production
info: Microsoft.Hosting.Lifetime[0]
      Content root path: D:\RESEARCH\laalo\laalo\TelloUnityDemo\
info: Microsoft.AspNetCore.Hosting.Diagnostics[1]
      Request starting HTTP/2 POST http://ilpp/UnityILPP.PostProcessing/Ping application/grpc -
info: Microsoft.AspNetCore.Routing.EndpointMiddleware[0]
      Executing endpoint 'gRPC - /UnityILPP.PostProcessing/Ping'
info: Microsoft.AspNetCore.Routing.EndpointMiddleware[1]
      Executed endpoint 'gRPC - /UnityILPP.PostProcessing/Ping'
info: Microsoft.AspNetCore.Hosting.Diagnostics[2]
      Request finished HTTP/2 POST http://ilpp/UnityILPP.PostProcessing/Ping application/grpc - - 200 - application/grpc 63.0310ms
Starting: D:\2022.3.40f1\Editor\Data\bee_backend.exe --dont-print-to-structured-log --ipc --defer-dag-verification --dagfile="Library/Bee/1900b0aE.dag" --continue-on-failure --profile="Library/Bee/backend1.traceevents" ScriptAssemblies
WorkingDir: D:/RESEARCH/laalo/laalo/TelloUnityDemo
DisplayProgressbar: Compiling Scripts
ExitCode: 0 Duration: 2s568ms
[1306/1309  2s] Csc Library/Bee/artifacts/1900b0aE.dag/Assembly-CSharp-Editor.dll (+2 others)
Assets\Editor\ArchitectureSceneSetup.cs(111,17): warning CS0618: 'OVRPassthroughLayer.projectionSurfaceType' is obsolete: 'Surface projected passthrough is being deprecated and support for it will be removed in a future release.'

Assets\Editor\ArchitectureSceneSetup.cs(111,47): warning CS0618: 'OVRPassthroughLayer.ProjectionSurfaceType' is obsolete: 'Surface projected passthrough is being deprecated and support for it will be removed in a future release.'

Assets\Editor\ArchitectureSceneSetup.cs(112,17): warning CS0618: 'OVRPassthroughLayer.overlayType' is obsolete: 'Passthrough flexible layering is being deprecated and support for it will be removed in a future release. Moving forward, there will be only one background Passthrough layer rendered beneath the eye buffer.'
[1307/1309  0s] CopyFiles Library/ScriptAssemblies/Assembly-CSharp-Editor.pdb
[1308/1309  0s] CopyFiles Library/ScriptAssemblies/Assembly-CSharp-Editor.dll
*** Tundra build success (2.51 seconds), 3 items updated, 1309 evaluated
Assets\Editor\ArchitectureSceneSetup.cs(111,17): warning CS0618: 'OVRPassthroughLayer.projectionSurfaceType' is obsolete: 'Surface projected passthrough is being deprecated and support for it will be removed in a future release.'
Assets\Editor\ArchitectureSceneSetup.cs(111,47): warning CS0618: 'OVRPassthroughLayer.ProjectionSurfaceType' is obsolete: 'Surface projected passthrough is being deprecated and support for it will be removed in a future release.'
Assets\Editor\ArchitectureSceneSetup.cs(112,17): warning CS0618: 'OVRPassthroughLayer.overlayType' is obsolete: 'Passthrough flexible layering is being deprecated and support for it will be removed in a future release. Moving forward, there will be only one background Passthrough layer rendered beneath the eye buffer.'
AssetDatabase: script compilation time: 3.367370s
Begin MonoManager ReloadAssembly
Total cache size 268301296
Total cache size after purge 268301296
Symbol file LoadedFromMemory is not a mono symbol file
- Loaded All Assemblies, in  1.029 seconds
Refreshing native plugins compatible for Editor in 15.42 ms, found 18 plugins.
Preloading 2 native plugins for Editor in 0.15 ms.
Start importing Assets/Editor/ArchitectureSceneSetup.cs using Guid(04f22c5bf5c4c04459d32d9e2e75588a) Importer(-1,00000000000000000000000000000000) [PhysX] Initialized MultithreadedTaskDispatcher with 8 workers.
 -> (artifact id: 'a57b735102281b2dae037d526f010707') in 0.011237 seconds
Refreshing native plugins compatible for Editor in 17.52 ms, found 18 plugins.
Native extension for WindowsStandalone target not found
Native extension for Android target not found
I0805 18:40:10.871142 17396 OVRTelemetry.cpp:57] Telemetry_Init: calling startSession with engineName=Unity, pluginVersion=1.201.0
I0805 18:40:11.034380 17396 OVRTelemetry.cpp:61] Telemetry_Init: startSession completed successfully
Mono: successfully reloaded assembly
- Finished resetting the current domain, in  1.835 seconds
Domain Reload Profiling: 2863ms
	BeginReloadAssembly (208ms)
		ExecutionOrderSort (0ms)
		DisableScriptedObjects (6ms)
		BackupInstance (0ms)
		ReleaseScriptingObjects (0ms)
		CreateAndSetChildDomain (44ms)
	RebuildCommonClasses (40ms)
	RebuildNativeTypeToScriptingClass (11ms)
	initialDomainReloadingComplete (34ms)
	LoadAllAssembliesAndSetupDomain (735ms)
		LoadAssemblies (510ms)
		RebuildTransferFunctionScriptingTraits (0ms)
		AnalyzeDomain (334ms)
			TypeCache.Refresh (254ms)
				TypeCache.ScanAssembly (219ms)
			ScanForSourceGeneratedMonoScriptInfo (62ms)
			ResolveRequiredComponents (16ms)
	FinalizeReload (1835ms)
		ReleaseScriptCaches (0ms)
		RebuildScriptCaches (0ms)
		SetupLoadedEditorAssemblies (1626ms)
			LogAssemblyErrors (0ms)
			InitializePlatformSupportModulesInManaged (28ms)
			SetLoadedEditorAssemblies (10ms)
			RefreshPlugins (0ms)
			BeforeProcessingInitializeOnLoad (113ms)
			ProcessInitializeOnLoadAttributes (1385ms)
			ProcessInitializeOnLoadMethodAttributes (84ms)
			AfterProcessingInitializeOnLoad (5ms)
			EditorAssembliesLoaded (1ms)
		ExecutionOrderSort2 (0ms)
		AwakeInstancesAfterBackupRestoration (12ms)
Refreshing native plugins compatible for Editor in 27.74 ms, found 18 plugins.
Preloading 2 native plugins for Editor in 0.16 ms.
Asset Pipeline Refresh (id=c453ea433b166cc43b4741b136b79711): Total: 10.866 seconds - Initiated by InitialRefreshV2(ForceSynchronousImport)
	Summary:
		Imports: total=3 (actual=1, local cache=2, cache server=0)
		Asset DB Process Time: managed=3 ms, native=2999 ms
		Asset DB Callback time: managed=1356 ms, native=34 ms
		Scripting: domain reloads=1, domain reload time=3027 ms, compile time=3368 ms, other=77 ms
		Project Asset Count: scripts=7683, non-scripts=3498
		Asset File Changes: new=0, changed=1, moved=0, deleted=0
		Scan Filter Count: 0
	InvokeBeforeRefreshCallbacks: 0.403ms
	ApplyChangesToAssetFolders: 0.079ms
	Scan: 133.499ms
	OnSourceAssetsModified: 3.521ms
	GetAllGuidsForCategorization: 1.595ms
	CategorizeAssets: 284.031ms
	ImportOutOfDateAssets: 1965.258ms (-1458.474ms without children)
		ImportManagerImport: 16.125ms (4.373ms without children)
			ImportInProcess: 11.696ms
			UpdateCategorizedAssets: 0.057ms
		CompileScripts: 3367.563ms
		ReloadNativeAssets: 0.001ms
		UnloadImportedAssets: 30.802ms
		ReloadImportedAssets: 0.563ms
		EnsureUptoDateAssetsAreRegisteredWithGuidPM: 5.640ms
		InitializingProgressBar: 0.019ms
		PostProcessAllAssetNotificationsAddChangedAssets: 0.008ms
		OnDemandSchedulerStart: 3.012ms
	PostProcessAllAssets: 1357.102ms
	Hotreload: 29.951ms
	GatherAllCurrentPrimaryArtifactRevisions: 0.002ms
	UnloadStreamsBegin: 2.450ms
	PersistCurrentRevisions: 1.596ms
	UnloadStreamsEnd: 0.178ms
	GenerateScriptTypeHashes: 21.212ms
	Untracked: 7086.533ms
Application.AssetDatabase Initial Refresh End
Shader 'Oculus/OVRMRCameraFrameLit': fallback shader 'Alpha-Diffuse' not found
Shader 'Meta/MRUK/Scene/HighlightsAndShadows': fallback shader 'Off' not found
Launched and connected shader compiler UnityShaderCompiler.exe after 0.11 seconds
Scanning for USB devices : 0.873ms
Initializing Unity extensions:
[Licensing::Client] Successfully resolved entitlement details
[MODES] ModeService[none].Initialize
[MODES] ModeService[none].LoadModes
[MODES] Loading mode Default (0) for mode-current-id-TelloUnityDemo
[PhysX] Initialized MultithreadedTaskDispatcher with 8 workers.
ProgressiveSceneManager::Cancel()
Unloading 166 Unused Serialized files (Serialized files now loaded: 0)
Unloading 156 unused Assets / (1.0 MB). Loaded Objects now: 8841.
Memory consumption went from 210.2 MB to 209.2 MB.
Total: 15.101200 ms (FindLiveObjects: 0.976400 ms CreateObjectMapping: 0.747100 ms MarkObjects: 11.881600 ms  DeleteObjects: 1.491200 ms)

Opening scene 'Assets/Scenes/implemented.unity'
[PhysX] Initialized MultithreadedTaskDispatcher with 8 workers.
Unloading 1 Unused Serialized files (Serialized files now loaded: 0)
Loaded scene 'Assets/Scenes/implemented.unity'
	Deserialize:            2.355 ms
	Integration:            79.845 ms
	Integration of assets:  0.007 ms
	Thread Wait Time:       0.057 ms
	Total Operation Time:   82.264 ms
Unloading 2 unused Assets / (1.0 KB). Loaded Objects now: 11300.
Memory consumption went from 202.9 MB to 202.9 MB.
Total: 14.944800 ms (FindLiveObjects: 0.706900 ms CreateObjectMapping: 0.390200 ms MarkObjects: 13.795900 ms  DeleteObjects: 0.050500 ms)

[SceneSetup] Starting automated scene setup...
UnityEngine.StackTraceUtility:ExtractStackTrace ()
UnityEngine.DebugLogHandler:LogFormat (UnityEngine.LogType,UnityEngine.Object,string,object[])
UnityEngine.Logger:Log (UnityEngine.LogType,object)
UnityEngine.Debug:Log (object)
TelloUnityDemo.Editor.ArchitectureSceneSetup:SetupScene () (at Assets/Editor/ArchitectureSceneSetup.cs:27)

(Filename: Assets/Editor/ArchitectureSceneSetup.cs Line: 27)

[SceneSetup] Scene setup completed! All OVR references and Passthrough settings have been auto-configured.
UnityEngine.StackTraceUtility:ExtractStackTrace ()
UnityEngine.DebugLogHandler:LogFormat (UnityEngine.LogType,UnityEngine.Object,string,object[])
UnityEngine.Logger:Log (UnityEngine.LogType,object)
UnityEngine.Debug:Log (object)
TelloUnityDemo.Editor.ArchitectureSceneSetup:SetupScene () (at Assets/Editor/ArchitectureSceneSetup.cs:118)

(Filename: Assets/Editor/ArchitectureSceneSetup.cs Line: 118)

Batchmode quit successfully invoked - shutting down!
Killing ADB server in 0.1951503 seconds.
[PhysX] Initialized MultithreadedTaskDispatcher with 8 workers.
[Licensing::IpcConnector] License Notification channel disconnected successfully.
[Licensing::IpcConnector] License Client channel disconnected successfully.
Cleanup mono
abort_threads: Failed aborting id: 0000000000001B80, mono_thread_manage will ignore it

abort_threads: Failed aborting id: 0000000000007204, mono_thread_manage will ignore it

abort_threads: Failed aborting id: 0000000000001B80, mono_thread_manage will ignore it

abort_threads: Failed aborting id: 0000000000007204, mono_thread_manage will ignore it

debugger-agent: Unable to listen on 5720
[Performance] WinEditorMain                                                                                                                                :        1 samples, Peak.  1.57 s (1.0x), Avg.  1.57 s, Total. 1.574 s (5.7%)
[Performance] WinEditorMain.ConfigureCrashHandler                                                                                                          :        1 samples, Peak.  28.8 us (1.0x), Avg.  28.8 us, Total. 28.80 us (0.0%)
[Performance] WinEditorMain.CurlRequestInitialize                                                                                                          :        1 samples, Peak.  1.69 ms (1.0x), Avg.  1.69 ms, Total. 1.693 ms (0.0%)
[Performance] WinEditorMain.SetupLogFile                                                                                                                   :        1 samples, Peak.   465 us (1.0x), Avg.   465 us, Total. 465.5 us (0.0%)
[Performance] WinEditorMain.RunNativeTestsIfRequiredAndExit                                                                                                :        1 samples, Peak.   200 ns (1.0x), Avg.   200 ns, Total. 200.0 ns (0.0%)
[Performance] WinEditorMain.Licensing                                                                                                                      :        1 samples, Peak.  1.55 s (1.0x), Avg.  1.55 s, Total. 1.551 s (5.6%)
[Performance] WinEditorMain.InitializeCrashHandler                                                                                                         :        1 samples, Peak.  17.6 ms (1.0x), Avg.  17.6 ms, Total. 17.57 ms (0.1%)
[Performance] WinEditorMain.CreateApplication                                                                                                              :        1 samples, Peak.   393 us (1.0x), Avg.   393 us, Total. 393.2 us (0.0%)
[Performance] Application.InitializeProject                                                                                                                :        1 samples, Peak.  17.9 s (1.0x), Avg.  17.9 s, Total. 17.85 s (64.4%)
[Performance] Application.PackageManager.StartServer                                                                                                       :        1 samples, Peak.   281 ms (1.0x), Avg.   281 ms, Total. 280.8 ms (1.0%)
[Performance] Application.AcquireProjectLock                                                                                                               :        1 samples, Peak.  16.3 ms (1.0x), Avg.  16.3 ms, Total. 16.26 ms (0.1%)
[Performance] Application.InitializeEngineNoGraphics                                                                                                       :        1 samples, Peak.   113 ms (1.0x), Avg.   113 ms, Total. 113.4 ms (0.4%)
[Performance] Application.PackageManager.Initialize                                                                                                        :        1 samples, Peak.   531 ms (1.0x), Avg.   531 ms, Total. 531.0 ms (1.9%)
[Performance] Connecting to Package Manager                                                                                                                :       54 samples, Peak.   417 us (33.3x), Avg.  12.5 us, Total. 677.4 us (0.0%)
[Performance] Application.EngineGraphics.Initialize                                                                                                        :        1 samples, Peak.   604 ms (1.0x), Avg.   604 ms, Total. 604.3 ms (2.2%)
[Performance] Application.GI.Initialize                                                                                                                    :        1 samples, Peak.  6.65 ms (1.0x), Avg.  6.65 ms, Total. 6.652 ms (0.0%)
[Performance] Application.LoadAllDefaultResourcesFromEditor                                                                                                :        1 samples, Peak.  2.86 ms (1.0x), Avg.  2.86 ms, Total. 2.860 ms (0.0%)
[Performance] Application.LoadMonoAssemblies                                                                                                               :        1 samples, Peak.  3.80 s (1.0x), Avg.  3.80 s, Total. 3.802 s (13.7%)
[Performance] RestoreManagedReferences                                                                                                                     :        2 samples, Peak.  57.7 ms (2.0x), Avg.  28.9 ms, Total. 57.71 ms (0.2%)
[Performance] EditorResources.Load                                                                                                                         :        4 samples, Peak.  24.5 ms (3.9x), Avg.  6.23 ms, Total. 24.92 ms (0.1%)
[Performance] InitializeOnLoad MixerEffectDefinitionReloader                                                                                               :        2 samples, Peak.  3.62 ms (1.1x), Avg.  3.29 ms, Total. 6.579 ms (0.0%)
[Performance] InitializeOnLoad SettingsService                                                                                                             :        2 samples, Peak.  16.8 us (1.2x), Avg.  14.0 us, Total. 28.00 us (0.0%)
[Performance] InitializeOnLoad AssetStoreContext                                                                                                           :        2 samples, Peak.  29.7 ms (1.6x), Avg.  19.0 ms, Total. 37.93 ms (0.1%)
[Performance] InitializeOnLoad ObjectSelectorSearch                                                                                                        :        2 samples, Peak.  99.8 us (1.2x), Avg.  81.7 us, Total. 163.4 us (0.0%)
[Performance] InitializeOnLoad SceneSearch                                                                                                                 :        2 samples, Peak.  44.9 us (1.2x), Avg.  38.3 us, Total. 76.50 us (0.0%)
[Performance] InitializeOnLoad ProjectSearch                                                                                                               :        2 samples, Peak.  88.9 us (1.6x), Avg.  56.0 us, Total. 112.1 us (0.0%)
[Performance] InitializeOnLoad WindowLayout                                                                                                                :        2 samples, Peak.   852 us (1.6x), Avg.   547 us, Total. 1.094 ms (0.0%)
[Performance] InitializeOnLoad CacheServerWindow                                                                                                           :        2 samples, Peak.  23.4 us (1.2x), Avg.  19.1 us, Total. 38.10 us (0.0%)
[Performance] InitializeOnLoad NativeFormatImporterUtility                                                                                                 :        2 samples, Peak.  5.14 ms (1.4x), Avg.  3.58 ms, Total. 7.155 ms (0.0%)
[Performance] InitializeOnLoad DrivenRectTransformUndo                                                                                                     :        2 samples, Peak.   272 us (1.0x), Avg.   270 us, Total. 539.4 us (0.0%)
[Performance] InitializeOnLoad CloudBuild                                                                                                                  :        2 samples, Peak.  5.80 us (1.2x), Avg.  4.95 us, Total. 9.900 us (0.0%)
[Performance] InitializeOnLoad ManagedDebuggerWindow                                                                                                       :        2 samples, Peak.   773 us (1.1x), Avg.   723 us, Total. 1.446 ms (0.0%)
[Performance] InitializeOnLoad PrefabInstanceChangedListener                                                                                               :        2 samples, Peak.   190 us (1.2x), Avg.   162 us, Total. 323.1 us (0.0%)
[Performance] InitializeOnLoad AddComponentWindow                                                                                                          :        2 samples, Peak.  1.01 ms (1.8x), Avg.   559 us, Total. 1.119 ms (0.0%)
[Performance] InitializeOnLoad ManagedDebugger                                                                                                             :        2 samples, Peak.   900 ns (1.4x), Avg.   650 ns, Total. 1.300 us (0.0%)
[Performance] InitializeOnLoad MenuItems                                                                                                                   :        2 samples, Peak.   120 us (1.1x), Avg.   109 us, Total. 218.6 us (0.0%)
[Performance] InitializeOnLoad EditMode                                                                                                                    :        2 samples, Peak.   447 us (1.1x), Avg.   404 us, Total. 807.2 us (0.0%)
[Performance] InitializeOnLoad UISystemProfilerRenderService                                                                                               :        2 samples, Peak.  9.00 us (1.1x), Avg.  7.85 us, Total. 15.70 us (0.0%)
[Performance] InitializeOnLoad PlayModeDownload                                                                                                            :        2 samples, Peak.   690 us (1.7x), Avg.   417 us, Total. 833.8 us (0.0%)
[Performance] InitializeOnLoad ShortcutIntegration                                                                                                         :        2 samples, Peak.   230 us (1.5x), Avg.   152 us, Total. 304.3 us (0.0%)
[Performance] InitializeOnLoad UnityConnect                                                                                                                :        2 samples, Peak.   134 us (1.5x), Avg.  90.1 us, Total. 180.1 us (0.0%)
[Performance] InitializeOnLoad SearchService                                                                                                               :        2 samples, Peak.   242 us (1.4x), Avg.   173 us, Total. 346.4 us (0.0%)
[Performance] InitializeOnLoad EditorMonitor                                                                                                               :        2 samples, Peak.  2.61 ms (1.5x), Avg.  1.71 ms, Total. 3.418 ms (0.0%)
[Performance] InitializeOnLoad RetainedMode                                                                                                                :        2 samples, Peak.  4.43 ms (1.3x), Avg.  3.31 ms, Total. 6.629 ms (0.0%)
[Performance] InitializeOnLoad EditorShaderLoader                                                                                                          :        2 samples, Peak.   809 us (1.1x), Avg.   723 us, Total. 1.446 ms (0.0%)
[Performance] InitializeOnLoad EditorDelegateRegistration                                                                                                  :        2 samples, Peak.   487 us (1.1x), Avg.   453 us, Total. 906.1 us (0.0%)
[Performance] InitializeOnLoad UIDocumentHierarchyWatcher                                                                                                  :        2 samples, Peak.  75.7 us (1.0x), Avg.  75.6 us, Total. 151.1 us (0.0%)
[Performance] InitializeOnLoad LiveReloadTrackerCreator                                                                                                    :        2 samples, Peak.   335 us (1.3x), Avg.   248 us, Total. 495.9 us (0.0%)
[Performance] InitializeOnLoad UxmlObjectEditorFactories                                                                                                   :        2 samples, Peak.   862 us (1.0x), Avg.   850 us, Total. 1.699 ms (0.0%)
[Performance] InitializeOnLoad UXMLEditorFactories                                                                                                         :        2 samples, Peak.  79.2 ms (1.0x), Avg.  75.5 ms, Total. 151.0 ms (0.5%)
[Performance] InitializeOnLoad CloudBuildPoller                                                                                                            :        2 samples, Peak.   314 us (1.1x), Avg.   296 us, Total. 592.0 us (0.0%)
[Performance] InitializeOnLoad AdsService                                                                                                                  :        2 samples, Peak.  4.59 ms (1.3x), Avg.  3.64 ms, Total. 7.276 ms (0.0%)
[Performance] InitializeOnLoad EditorGameServicesAnalytics                                                                                                 :        2 samples, Peak.  1.94 ms (1.2x), Avg.  1.68 ms, Total. 3.364 ms (0.0%)
[Performance] InitializeOnLoad UDPService                                                                                                                  :        2 samples, Peak.   408 us (1.2x), Avg.   335 us, Total. 670.3 us (0.0%)
[Performance] InitializeOnLoad BuildService                                                                                                                :        2 samples, Peak.   262 us (1.2x), Avg.   213 us, Total. 426.4 us (0.0%)
[Performance] InitializeOnLoad ServicesRepository                                                                                                          :        2 samples, Peak.   700 ns (1.2x), Avg.   600 ns, Total. 1.200 us (0.0%)
[Performance] InitializeOnLoad PurchasingService                                                                                                           :        2 samples, Peak.  6.92 ms (1.0x), Avg.  6.85 ms, Total. 13.70 ms (0.0%)
[Performance] InitializeOnLoad AnalyticsService                                                                                                            :        2 samples, Peak.   275 us (1.1x), Avg.   257 us, Total. 513.3 us (0.0%)
[Performance] InitializeOnLoad CrashService                                                                                                                :        2 samples, Peak.   152 us (1.0x), Avg.   151 us, Total. 302.7 us (0.0%)
[Performance] InitializeOnLoad SearchWindow                                                                                                                :        2 samples, Peak.   185 us (1.2x), Avg.   152 us, Total. 303.7 us (0.0%)
[Performance] InitializeOnLoad CustomIndexers                                                                                                              :        2 samples, Peak.  27.2 ms (1.1x), Avg.  24.1 ms, Total. 48.18 ms (0.2%)
[Performance] InitializeOnLoad SearchMonitor                                                                                                               :        2 samples, Peak.  1.17 ms (1.1x), Avg.  1.09 ms, Total. 2.177 ms (0.0%)
[Performance] InitializeOnLoad ParameterControllerEditor                                                                                                   :        2 samples, Peak.  40.6 us (1.3x), Avg.  31.5 us, Total. 63.10 us (0.0%)
[Performance] InitializeOnLoad LayerSettingsWindow                                                                                                         :        2 samples, Peak.  51.8 us (1.8x), Avg.  28.1 us, Total. 56.30 us (0.0%)
[Performance] InitializeOnLoad PackageManagerHookGUIDConverter.RegisterPackagesEventHandler                                                                :        2 samples, Peak.   925 us (1.8x), Avg.   516 us, Total. 1.032 ms (0.0%)
[Performance] InitializeOnLoad EditorDragAndDrop.RegisterEditorClient                                                                                      :        2 samples, Peak.   318 us (1.2x), Avg.   265 us, Total. 531.0 us (0.0%)
[Performance] InitializeOnLoad EditorEventCallbacks.InitializeFontAssetResourceChangeCallBacks                                                             :        2 samples, Peak.  1.34 ms (1.0x), Avg.  1.28 ms, Total. 2.557 ms (0.0%)
[Performance] InitializeOnLoad SceneTemplateService.Init                                                                                                   :        2 samples, Peak.  1.24 ms (1.0x), Avg.  1.22 ms, Total. 2.432 ms (0.0%)
[Performance] InitializeOnLoad DiagnosticSwitchesConsoleMessage.Init                                                                                       :        2 samples, Peak.  7.94 ms (1.9x), Avg.  4.26 ms, Total. 8.529 ms (0.0%)
[Performance] InitializeOnLoad ToolShortcutContext.Init                                                                                                    :        2 samples, Peak.   201 us (1.0x), Avg.   197 us, Total. 393.6 us (0.0%)
[Performance] InitializeOnLoad SceneViewMotion.RegisterShortcutContexts                                                                                    :        2 samples, Peak.   169 us (1.1x), Avg.   150 us, Total. 300.1 us (0.0%)
[Performance] InitializeOnLoad RectSelection.RegisterShortcutContext                                                                                       :        2 samples, Peak.   213 us (1.1x), Avg.   194 us, Total. 389.0 us (0.0%)
[Performance] InitializeOnLoad SceneVisibilityManager.Initialize                                                                                           :        2 samples, Peak.  4.14 ms (1.6x), Avg.  2.55 ms, Total. 5.095 ms (0.0%)
[Performance] InitializeOnLoad AssetPostprocessingInternal.RefreshCustomDependencies                                                                       :        2 samples, Peak.  4.55 ms (1.7x), Avg.  2.74 ms, Total. 5.475 ms (0.0%)
[Performance] InitializeOnLoad EditorWindow.Initialize                                                                                                     :        2 samples, Peak.   396 us (1.2x), Avg.   338 us, Total. 675.7 us (0.0%)
[Performance] InitializeOnLoad PackageManagerWindow.EditorInitializedInSafeMode                                                                            :        2 samples, Peak.  32.3 ms (2.0x), Avg.  16.2 ms, Total. 32.39 ms (0.1%)
[Performance] InitializeOnLoad MemoryProfilerCompilationGuard.InjectCompileGuard                                                                           :        2 samples, Peak.   216 us (1.2x), Avg.   182 us, Total. 363.0 us (0.0%)
[Performance] InitializeOnLoad ScopedRegistryAddedPopup.SubscribeToRegistriesAdded                                                                         :        2 samples, Peak.  15.4 ms (2.0x), Avg.  7.73 ms, Total. 15.47 ms (0.1%)
[Performance] InitializeOnLoad SysrootManager.Initialize                                                                                                   :        2 samples, Peak.   740 us (1.0x), Avg.   707 us, Total. 1.415 ms (0.0%)
[Performance] AssemblyReloadEvents.afterAssemblyReload: UnityEditor.SceneTemplate.SceneTemplateService.AfterAssemblyReload                                 :        2 samples, Peak.  7.77 ms (1.9x), Avg.  4.05 ms, Total. 8.100 ms (0.0%)
[Performance] ProcessService.EditorAfterLoadAllAssemblies                                                                                                  :        2 samples, Peak.   511 us (1.3x), Avg.   391 us, Total. 781.0 us (0.0%)
[Performance] Application.ReadLicenseInfo                                                                                                                  :        1 samples, Peak.  30.7 ms (1.0x), Avg.  30.7 ms, Total. 30.70 ms (0.1%)
[Performance] Application.InitialRefresh                                                                                                                   :        1 samples, Peak.  10.9 s (1.0x), Avg.  10.9 s, Total. 10.87 s (39.2%)
[Performance] ShaderImporter.SourceAssetModified                                                                                                           :        2 samples, Peak.  1.80 us (1.7x), Avg.  1.05 us, Total. 2.100 us (0.0%)
[Performance] ShaderIncludeImporter.SourceAssetModified                                                                                                    :        2 samples, Peak.  1.60 us (1.2x), Avg.  1.30 us, Total. 2.600 us (0.0%)
[Performance] Compiling Scripts                                                                                                                            :        1 samples, Peak.  3.37 s (1.0x), Avg.  3.37 s, Total. 3.367 s (12.1%)
[Performance] AssemblyReloadEvents.beforeAssemblyReload: UnityEditor.SceneTemplate.SceneTemplateService.BeforeAssemblyReload                               :        1 samples, Peak.  1.50 ms (1.0x), Avg.  1.50 ms, Total. 1.496 ms (0.0%)
[Performance] PresetManagerPostProcessor.OnPreprocessAsset                                                                                                 :        1 samples, Peak.  1.31 ms (1.0x), Avg.  1.31 ms, Total. 1.310 ms (0.0%)
[Performance] CancelSplashScreenOnAssetChange.OnPreprocessAsset                                                                                            :        1 samples, Peak.   156 us (1.0x), Avg.   156 us, Total. 155.9 us (0.0%)
[Performance] InitializeOnLoad InputSystem                                                                                                                 :        1 samples, Peak.  76.3 ms (1.0x), Avg.  76.3 ms, Total. 76.32 ms (0.3%)
[Performance] InitializeOnLoad TouchSimulation                                                                                                             :        1 samples, Peak.   163 us (1.0x), Avg.   163 us, Total. 163.4 us (0.0%)
[Performance] InitializeOnLoad XRHandsEditmodeUsageEvent                                                                                                   :        1 samples, Peak.   338 us (1.0x), Avg.   338 us, Total. 338.2 us (0.0%)
[Performance] InitializeOnLoad XRHandsPlaymodeUsageEvent                                                                                                   :        1 samples, Peak.   106 us (1.0x), Avg.   106 us, Total. 106.3 us (0.0%)
[Performance] InitializeOnLoad XRHandDevice                                                                                                                :        1 samples, Peak.   270 us (1.0x), Avg.   270 us, Total. 269.9 us (0.0%)
[Performance] InitializeOnLoad MetaAimHand                                                                                                                 :        1 samples, Peak.   145 us (1.0x), Avg.   145 us, Total. 144.7 us (0.0%)
[Performance] InitializeOnLoad AnalyticsPlayModeUsageHooks                                                                                                 :        1 samples, Peak.   193 us (1.0x), Avg.   193 us, Total. 193.0 us (0.0%)
[Performance] InitializeOnLoad FeatureRampUpManager                                                                                                        :        1 samples, Peak.  1.04 ms (1.0x), Avg.  1.04 ms, Total. 1.041 ms (0.0%)
[Performance] InitializeOnLoad PrefabLayoutRebuilder                                                                                                       :        1 samples, Peak.   273 us (1.0x), Avg.   273 us, Total. 273.0 us (0.0%)
[Performance] InitializeOnLoad PlatformSettings                                                                                                            :        1 samples, Peak.  6.00 us (1.0x), Avg.  6.00 us, Total. 6.000 us (0.0%)
[Performance] InitializeOnLoad RemoteNotificationManager                                                                                                   :        1 samples, Peak.   498 us (1.0x), Avg.   498 us, Total. 498.4 us (0.0%)
[Performance] InitializeOnLoad XRGeneralSettingsPerBuildTarget                                                                                             :        1 samples, Peak.   515 us (1.0x), Avg.   515 us, Total. 514.6 us (0.0%)
[Performance] InitializeOnLoad XRLegacyUninstaller                                                                                                         :        1 samples, Peak.  8.62 ms (1.0x), Avg.  8.62 ms, Total. 8.618 ms (0.0%)
[Performance] InitializeOnLoad XRPackageInitializationBootstrap                                                                                            :        1 samples, Peak.  95.4 us (1.0x), Avg.  95.4 us, Total. 95.40 us (0.0%)
[Performance] InitializeOnLoad XRPackageMetadataStore                                                                                                      :        1 samples, Peak.   536 us (1.0x), Avg.   536 us, Total. 536.2 us (0.0%)
[Performance] InitializeOnLoad ScriptableSettingsInitializer                                                                                               :        1 samples, Peak.   206 us (1.0x), Avg.   206 us, Total. 206.0 us (0.0%)
[Performance] InitializeOnLoad BuildValidator                                                                                                              :        1 samples, Peak.   670 us (1.0x), Avg.   670 us, Total. 670.0 us (0.0%)
[Performance] InitializeOnLoad Dropdown                                                                                                                    :        1 samples, Peak.  4.35 ms (1.0x), Avg.  4.35 ms, Total. 4.354 ms (0.0%)
[Performance] InitializeOnLoad OVREngineConfigurationUpdater                                                                                               :        1 samples, Peak.  4.88 ms (1.0x), Avg.  4.88 ms, Total. 4.875 ms (0.0%)
[Performance] InitializeOnLoad OVRProjectSetupXRTasks                                                                                                      :        1 samples, Peak.  47.4 ms (1.0x), Avg.  47.4 ms, Total. 47.44 ms (0.2%)
[Performance] InitializeOnLoad OVRSceneChangeListener                                                                                                      :        1 samples, Peak.   295 us (1.0x), Avg.   295 us, Total. 294.8 us (0.0%)
[Performance] InitializeOnLoad UPSTContentManager                                                                                                          :        1 samples, Peak.   245 ms (1.0x), Avg.   245 ms, Total. 244.9 ms (0.9%)
[Performance] InitializeOnLoad SampleMetadataTelemetry                                                                                                     :        1 samples, Peak.   250 us (1.0x), Avg.   250 us, Total. 249.9 us (0.0%)
[Performance] InitializeOnLoad OVRProjectSetupMovementSDKTasks2                                                                                            :        1 samples, Peak.  6.08 ms (1.0x), Avg.  6.08 ms, Total. 6.083 ms (0.0%)
[Performance] InitializeOnLoad OVRConfig                                                                                                                   :        1 samples, Peak.  42.0 us (1.0x), Avg.  42.0 us, Total. 42.00 us (0.0%)
[Performance] InitializeOnLoad OVRProjectSetupOverlayTasks                                                                                                 :        1 samples, Peak.   777 us (1.0x), Avg.   777 us, Total. 776.9 us (0.0%)
[Performance] InitializeOnLoad OVREditorUtils                                                                                                              :        1 samples, Peak.  4.25 ms (1.0x), Avg.  4.25 ms, Total. 4.251 ms (0.0%)
[Performance] InitializeOnLoad OVRProjectSetupUpdater                                                                                                      :        1 samples, Peak.  2.60 us (1.0x), Avg.  2.60 us, Total. 2.600 us (0.0%)
[Performance] InitializeOnLoad OptimizeTextureCompression                                                                                                  :        1 samples, Peak.  35.8 ms (1.0x), Avg.  35.8 ms, Total. 35.83 ms (0.1%)
[Performance] InitializeOnLoad OVREditorStart                                                                                                              :        1 samples, Peak.   179 us (1.0x), Avg.   179 us, Total. 179.3 us (0.0%)
[Performance] InitializeOnLoad FeatureStatusReporter                                                                                                       :        1 samples, Peak.  3.26 ms (1.0x), Avg.  3.26 ms, Total. 3.262 ms (0.0%)
[Performance] InitializeOnLoad OVRPlatformToolSettings                                                                                                     :        1 samples, Peak.   153 us (1.0x), Avg.   153 us, Total. 152.6 us (0.0%)
[Performance] InitializeOnLoad AndroidCompatibility                                                                                                        :        1 samples, Peak.  4.91 ms (1.0x), Avg.  4.91 ms, Total. 4.912 ms (0.0%)
[Performance] InitializeOnLoad OVRProjectSetupRenderingTasks                                                                                               :        1 samples, Peak.  9.73 ms (1.0x), Avg.  9.73 ms, Total. 9.734 ms (0.0%)
[Performance] InitializeOnLoad OVRProjectSetupQualityTasks                                                                                                 :        1 samples, Peak.  7.89 ms (1.0x), Avg.  7.89 ms, Total. 7.894 ms (0.0%)
[Performance] InitializeOnLoad OVRGradleGeneration                                                                                                         :        1 samples, Peak.   370 us (1.0x), Avg.   370 us, Total. 369.9 us (0.0%)
[Performance] InitializeOnLoad OVRProjectSetupDeviceTasks                                                                                                  :        1 samples, Peak.  3.37 ms (1.0x), Avg.  3.37 ms, Total. 3.371 ms (0.0%)
[Performance] InitializeOnLoad OVRProjectSetupMiscTasks                                                                                                    :        1 samples, Peak.  2.04 ms (1.0x), Avg.  2.04 ms, Total. 2.042 ms (0.0%)
[Performance] InitializeOnLoad OVRSceneOpen                                                                                                                :        1 samples, Peak.   799 us (1.0x), Avg.   799 us, Total. 799.1 us (0.0%)
[Performance] InitializeOnLoad OVRProjectConfig                                                                                                            :        1 samples, Peak.  4.00 us (1.0x), Avg.  4.00 us, Total. 4.000 us (0.0%)
[Performance] InitializeOnLoad OVRProjectSetupPassthrough                                                                                                  :        1 samples, Peak.  5.89 ms (1.0x), Avg.  5.89 ms, Total. 5.893 ms (0.0%)
[Performance] InitializeOnLoad MetaXRSimulatorCompatibility                                                                                                :        1 samples, Peak.  2.19 ms (1.0x), Avg.  2.19 ms, Total. 2.187 ms (0.0%)
[Performance] InitializeOnLoad ConsoleLinkEventHandler                                                                                                     :        1 samples, Peak.  2.70 us (1.0x), Avg.  2.70 us, Total. 2.700 us (0.0%)
[Performance] InitializeOnLoad OculusBuildApp                                                                                                              :        1 samples, Peak.  14.4 us (1.0x), Avg.  14.4 us, Total. 14.40 us (0.0%)
[Performance] InitializeOnLoad OVRProjectSetupPhysicsTasks                                                                                                 :        1 samples, Peak.  3.06 ms (1.0x), Avg.  3.06 ms, Total. 3.064 ms (0.0%)
[Performance] InitializeOnLoad OVRProjectSetupXRRuntimeTasks                                                                                               :        1 samples, Peak.  2.13 ms (1.0x), Avg.  2.13 ms, Total. 2.126 ms (0.0%)
[Performance] InitializeOnLoad OVREditorShutdown                                                                                                           :        1 samples, Peak.   191 us (1.0x), Avg.   191 us, Total. 190.5 us (0.0%)
[Performance] InitializeOnLoad OVRPluginInfoOpenXR                                                                                                         :        1 samples, Peak.  1.80 us (1.0x), Avg.  1.80 us, Total. 1.800 us (0.0%)
[Performance] InitializeOnLoad OVRProjectSetupCompatibilityTasks                                                                                           :        1 samples, Peak.  4.24 ms (1.0x), Avg.  4.24 ms, Total. 4.237 ms (0.0%)
[Performance] InitializeOnLoad OVRProjectSetupEntitlementTasks                                                                                             :        1 samples, Peak.  2.30 ms (1.0x), Avg.  2.30 ms, Total. 2.303 ms (0.0%)
[Performance] InitializeOnLoad PackageList                                                                                                                 :        2 samples, Peak.   119 us (2.0x), Avg.  60.4 us, Total. 120.8 us (0.0%)
[Performance] InitializeOnLoad Utils                                                                                                                       :        4 samples, Peak.  1.61 ms (2.1x), Avg.   751 us, Total. 3.004 ms (0.0%)
[Performance] InitializeOnLoad OVRProjectSetupSceneTasks                                                                                                   :        1 samples, Peak.   760 us (1.0x), Avg.   760 us, Total. 760.4 us (0.0%)
[Performance] InitializeOnLoad Toolbar                                                                                                                     :        1 samples, Peak.  2.14 ms (1.0x), Avg.  2.14 ms, Total. 2.136 ms (0.0%)
[Performance] InitializeOnLoad Manager                                                                                                                     :        1 samples, Peak.  2.75 ms (1.0x), Avg.  2.75 ms, Total. 2.749 ms (0.0%)
[Performance] InitializeOnLoad CoreStatsIntegration                                                                                                        :        1 samples, Peak.   755 us (1.0x), Avg.   755 us, Total. 755.4 us (0.0%)
[Performance] InitializeOnLoad MetaXRAudioSettings                                                                                                         :        1 samples, Peak.  17.1 us (1.0x), Avg.  17.1 us, Total. 17.10 us (0.0%)
[Performance] InitializeOnLoad EditorTelemetry                                                                                                             :        1 samples, Peak.  1.98 ms (1.0x), Avg.  1.98 ms, Total. 1.978 ms (0.0%)
[Performance] InitializeOnLoad WitUnderstandingViewerVoiceServiceAPI                                                                                       :        1 samples, Peak.   435 us (1.0x), Avg.   435 us, Total. 435.4 us (0.0%)
[Performance] InitializeOnLoad WitConfigurationEditor                                                                                                      :        1 samples, Peak.  5.66 ms (1.0x), Avg.  5.66 ms, Total. 5.658 ms (0.0%)
[Performance] InitializeOnLoad NotificationsScheduler                                                                                                      :        1 samples, Peak.   250 us (1.0x), Avg.   250 us, Total. 249.8 us (0.0%)
[Performance] InitializeOnLoad CameraRigSetupRules                                                                                                         :        1 samples, Peak.   982 us (1.0x), Avg.   982 us, Total. 981.9 us (0.0%)
[Performance] InitializeOnLoad SetupRules                                                                                                                  :        1 samples, Peak.  4.31 ms (1.0x), Avg.  4.31 ms, Total. 4.310 ms (0.0%)
[Performance] InitializeOnLoad SharedSpatialAnchorCoreSetupRules                                                                                           :        1 samples, Peak.   536 us (1.0x), Avg.   536 us, Total. 535.6 us (0.0%)
[Performance] InitializeOnLoad SpatialAudioSetupRules                                                                                                      :        1 samples, Peak.  6.67 ms (1.0x), Avg.  6.67 ms, Total. 6.671 ms (0.0%)
[Performance] InitializeOnLoad CustomTagBehaviors                                                                                                          :        1 samples, Peak.  26.7 ms (1.0x), Avg.  26.7 ms, Total. 26.73 ms (0.1%)
[Performance] InitializeOnLoad VoiceSDKConfigurationSetupRules                                                                                             :        1 samples, Peak.  1.50 ms (1.0x), Avg.  1.50 ms, Total. 1.502 ms (0.0%)
[Performance] InitializeOnLoad CustomHierarchyIcon                                                                                                         :        1 samples, Peak.   595 us (1.0x), Avg.   595 us, Total. 594.7 us (0.0%)
[Performance] InitializeOnLoad RoomMeshRules                                                                                                               :        1 samples, Peak.  1.94 ms (1.0x), Avg.  1.94 ms, Total. 1.939 ms (0.0%)
[Performance] InitializeOnLoad HandTrackingSetupRules                                                                                                      :        1 samples, Peak.  4.61 ms (1.0x), Avg.  4.61 ms, Total. 4.610 ms (0.0%)
[Performance] InitializeOnLoad SpatialAnchorCoreSetupRules                                                                                                 :        1 samples, Peak.   678 us (1.0x), Avg.   678 us, Total. 678.5 us (0.0%)
[Performance] InitializeOnLoad PassthroughBuildingBlockRules                                                                                               :        1 samples, Peak.   892 us (1.0x), Avg.   892 us, Total. 892.3 us (0.0%)
[Performance] InitializeOnLoad SceneListener                                                                                                               :        1 samples, Peak.   634 us (1.0x), Avg.   634 us, Total. 633.7 us (0.0%)
[Performance] InitializeOnLoad BlocksContentManager                                                                                                        :        1 samples, Peak.  1.20 us (1.0x), Avg.  1.20 us, Total. 1.200 us (0.0%)
[Performance] InitializeOnLoad PassthroughCameraAccessProjectSetup                                                                                         :        1 samples, Peak.   568 us (1.0x), Avg.   568 us, Total. 567.8 us (0.0%)
[Performance] InitializeOnLoad OVRProjectSetupMRUK                                                                                                         :        1 samples, Peak.  3.23 ms (1.0x), Avg.  3.23 ms, Total. 3.235 ms (0.0%)
[Performance] InitializeOnLoad BackgroundWatcher                                                                                                           :        1 samples, Peak.   338 us (1.0x), Avg.   338 us, Total. 337.8 us (0.0%)
[Performance] InitializeOnLoad UnityTestProtocolStarter                                                                                                    :        1 samples, Peak.   509 us (1.0x), Avg.   509 us, Total. 509.5 us (0.0%)
[Performance] InitializeOnLoad TestStarter                                                                                                                 :        1 samples, Peak.  2.80 ms (1.0x), Avg.  2.80 ms, Total. 2.798 ms (0.0%)
[Performance] InitializeOnLoad RerunCallbackInitializer                                                                                                    :        1 samples, Peak.  6.11 ms (1.0x), Avg.  6.11 ms, Total. 6.108 ms (0.0%)
[Performance] InitializeOnLoad AIBlocksSetupRules                                                                                                          :        1 samples, Peak.  2.05 ms (1.0x), Avg.  2.05 ms, Total. 2.047 ms (0.0%)
[Performance] InitializeOnLoad RemoteProviderProfileRegistry                                                                                               :        1 samples, Peak.  9.65 ms (1.0x), Avg.  9.65 ms, Total. 9.645 ms (0.0%)
[Performance] InitializeOnLoad InteractionAutoWiring                                                                                                       :        1 samples, Peak.  4.30 ms (1.0x), Avg.  4.30 ms, Total. 4.299 ms (0.0%)
[Performance] InitializeOnLoad PackageUpgradeOpenXR                                                                                                        :        1 samples, Peak.  12.1 us (1.0x), Avg.  12.1 us, Total. 12.10 us (0.0%)
[Performance] InitializeOnLoad AutoWiring                                                                                                                  :        1 samples, Peak.   600 ns (1.0x), Avg.   600 ns, Total. 600.0 ns (0.0%)
[Performance] InitializeOnLoad UnityObjectAddedBroadcaster                                                                                                 :        1 samples, Peak.   300 ns (1.0x), Avg.   300 ns, Total. 300.0 ns (0.0%)
[Performance] InitializeOnLoad PluginUpdater                                                                                                               :        1 samples, Peak.   359 us (1.0x), Avg.   359 us, Total. 359.5 us (0.0%)
[Performance] InitializeOnLoad ISDKBlocksRules                                                                                                             :        1 samples, Peak.   184 us (1.0x), Avg.   184 us, Total. 184.1 us (0.0%)
[Performance] InitializeOnLoad ProjectSetupTasks                                                                                                           :        1 samples, Peak.  1.86 ms (1.0x), Avg.  1.86 ms, Total. 1.864 ms (0.0%)
[Performance] InitializeOnLoad OVRAutoWiring                                                                                                               :        1 samples, Peak.   925 us (1.0x), Avg.   925 us, Total. 925.3 us (0.0%)
[Performance] InitializeOnLoad VSCodeScriptEditor                                                                                                          :        1 samples, Peak.  13.2 ms (1.0x), Avg.  13.2 ms, Total. 13.22 ms (0.0%)
[Performance] InitializeOnLoad ColocationSessionSetupRules                                                                                                 :        1 samples, Peak.  1.39 ms (1.0x), Avg.  1.39 ms, Total. 1.391 ms (0.0%)
[Performance] InitializeOnLoad MetaXRAudioPluginUpdater                                                                                                    :        1 samples, Peak.  2.81 ms (1.0x), Avg.  2.81 ms, Total. 2.808 ms (0.0%)
[Performance] InitializeOnLoad MetaXRAcousticMapEditor                                                                                                     :        1 samples, Peak.   217 us (1.0x), Avg.   217 us, Total. 216.8 us (0.0%)
[Performance] InitializeOnLoad PlasticPlugin                                                                                                               :        1 samples, Peak.  87.0 ms (1.0x), Avg.  87.0 ms, Total. 86.96 ms (0.3%)
[Performance] InitializeOnLoad ToolbarBootstrap                                                                                                            :        1 samples, Peak.   391 ms (1.0x), Avg.   391 ms, Total. 391.1 ms (1.4%)
[Performance] Package.AsyncRequest                                                                                                                         :       20 samples, Peak.  4.11 ms (5.1x), Avg.   804 us, Total. 16.08 ms (0.1%)
[Performance] InitializeOnLoad VisualStudioEditor                                                                                                          :        1 samples, Peak.  13.6 ms (1.0x), Avg.  13.6 ms, Total. 13.61 ms (0.0%)
[Performance] InitializeOnLoad TestRunnerApiListener                                                                                                       :        1 samples, Peak.  1.42 ms (1.0x), Avg.  1.42 ms, Total. 1.425 ms (0.0%)
[Performance] InitializeOnLoad VisualStudioIntegration                                                                                                     :        1 samples, Peak.  4.39 ms (1.0x), Avg.  4.39 ms, Total. 4.392 ms (0.0%)
[Performance] InitializeOnLoad AnalyticsImporter                                                                                                           :        1 samples, Peak.  1.92 ms (1.0x), Avg.  1.92 ms, Total. 1.924 ms (0.0%)
[Performance] InitializeOnLoad AnalyticsEventTrackerEditorCallbacks                                                                                        :        1 samples, Peak.   441 us (1.0x), Avg.   441 us, Total. 440.9 us (0.0%)
[Performance] InitializeOnLoad ProjectSetupDepthAPI                                                                                                        :        1 samples, Peak.  8.62 ms (1.0x), Avg.  8.62 ms, Total. 8.622 ms (0.0%)
[Performance] InitializeOnLoad ToolbarItem                                                                                                                 :        1 samples, Peak.  3.13 ms (1.0x), Avg.  3.13 ms, Total. 3.131 ms (0.0%)
[Performance] InitializeOnLoad XRSimPlayModeHandler                                                                                                        :        1 samples, Peak.   175 us (1.0x), Avg.   175 us, Total. 174.6 us (0.0%)
[Performance] InitializeOnLoad LearnGuide                                                                                                                  :        1 samples, Peak.  42.8 ms (1.0x), Avg.  42.8 ms, Total. 42.84 ms (0.2%)
[Performance] InitializeOnLoad About                                                                                                                       :        1 samples, Peak.  1.31 ms (1.0x), Avg.  1.31 ms, Total. 1.310 ms (0.0%)
[Performance] InitializeOnLoad PhotonVoiceCustomPackageDependency                                                                                          :        1 samples, Peak.  1.46 ms (1.0x), Avg.  1.46 ms, Total. 1.464 ms (0.0%)
[Performance] InitializeOnLoad PhotonPackagesImportProcessor                                                                                               :        1 samples, Peak.  4.44 ms (1.0x), Avg.  4.44 ms, Total. 4.436 ms (0.0%)
[Performance] InitializeOnLoad FusionCustomPackageDependency                                                                                               :        1 samples, Peak.   546 us (1.0x), Avg.   546 us, Total. 545.8 us (0.0%)
[Performance] InitializeOnLoad RiderScriptEditor                                                                                                           :        1 samples, Peak.  13.6 ms (1.0x), Avg.  13.6 ms, Total. 13.60 ms (0.0%)
[Performance] InitializeOnLoad CallbackInitializer                                                                                                         :        1 samples, Peak.  2.19 ms (1.0x), Avg.  2.19 ms, Total. 2.191 ms (0.0%)
[Performance] InitializeOnLoad SpriteEditorWindow                                                                                                          :        1 samples, Peak.   615 us (1.0x), Avg.   615 us, Total. 615.0 us (0.0%)
[Performance] InitializeOnLoad OVRProjectSetupMovementSDKConfigurationTasks                                                                                :        1 samples, Peak.  6.06 ms (1.0x), Avg.  6.06 ms, Total. 6.061 ms (0.0%)
[Performance] InitializeOnLoad AssetLibrarySession                                                                                                         :        1 samples, Peak.  5.18 ms (1.0x), Avg.  5.18 ms, Total. 5.182 ms (0.0%)
[Performance] InitializeOnLoad VoiceSDKVersion                                                                                                             :        1 samples, Peak.  2.03 ms (1.0x), Avg.  2.03 ms, Total. 2.031 ms (0.0%)
[Performance] InitializeOnLoad XRHandCaptureEditorCallbacks                                                                                                :        1 samples, Peak.   205 us (1.0x), Avg.   205 us, Total. 205.3 us (0.0%)
[Performance] InitializeOnLoad RuntimeOptimizer                                                                                                            :        1 samples, Peak.   389 us (1.0x), Avg.   389 us, Total. 388.6 us (0.0%)
[Performance] InitializeOnLoad NavigationWindow                                                                                                            :        1 samples, Peak.   765 us (1.0x), Avg.   765 us, Total. 765.4 us (0.0%)
[Performance] InitializeOnLoad Settings                                                                                                                    :        1 samples, Peak.   558 us (1.0x), Avg.   558 us, Total. 557.8 us (0.0%)
[Performance] InitializeOnLoad PopupDisplayer                                                                                                              :        1 samples, Peak.   428 us (1.0x), Avg.   428 us, Total. 428.0 us (0.0%)
[Performance] InitializeOnLoad SceneViewGridManager.Initialize                                                                                             :        1 samples, Peak.  16.9 ms (1.0x), Avg.  16.9 ms, Total. 16.95 ms (0.1%)
[Performance] InitializeOnLoad TilemapPrefabStageHelper.Initialize                                                                                         :        1 samples, Peak.  7.18 ms (1.0x), Avg.  7.18 ms, Total. 7.183 ms (0.0%)
[Performance] InitializeOnLoad SceneViewOpenTilePaletteHelper.Initialize                                                                                   :        1 samples, Peak.  5.36 ms (1.0x), Avg.  5.36 ms, Total. 5.359 ms (0.0%)
[Performance] InitializeOnLoad TileDragAndDropManager.Initialize                                                                                           :        1 samples, Peak.  2.17 ms (1.0x), Avg.  2.17 ms, Total. 2.171 ms (0.0%)
[Performance] InitializeOnLoad EditorGameServiceRegistry.RegisterAllServices                                                                               :        1 samples, Peak.  15.2 ms (1.0x), Avg.  15.2 ms, Total. 15.17 ms (0.1%)
[Performance] InitializeOnLoad ActionSchedulerCleaner.RegisterSchedulerCleaner                                                                             :        1 samples, Peak.   198 us (1.0x), Avg.   198 us, Total. 198.3 us (0.0%)
[Performance] InitializeOnLoad ServiceInstallationListener.RegisterToEvents                                                                                :        1 samples, Peak.   495 us (1.0x), Avg.   495 us, Total. 495.0 us (0.0%)
[Performance] InitializeOnLoad CoreUtilsAnalytics.RegisterEvents                                                                                           :        1 samples, Peak.   561 us (1.0x), Avg.   561 us, Total. 560.8 us (0.0%)
[Performance] InitializeOnLoad CompilationProcessor.OnLoad                                                                                                 :        1 samples, Peak.   346 us (1.0x), Avg.   346 us, Total. 346.3 us (0.0%)
[Performance] InitializeOnLoad SampleMetadata.OnScriptReloaded                                                                                             :        1 samples, Peak.   109 us (1.0x), Avg.   109 us, Total. 108.6 us (0.0%)
[Performance] InitializeOnLoad RuntimeSettings.RegisterPlaymodeListener                                                                                    :        1 samples, Peak.  95.0 us (1.0x), Avg.  95.0 us, Total. 95.00 us (0.0%)
[Performance] InitializeOnLoad AssemblyParser.OnLoad                                                                                                       :        1 samples, Peak.   385 us (1.0x), Avg.   385 us, Total. 384.7 us (0.0%)
[Performance] InitializeOnLoad VisualStudioEditor.LegacyVisualStudioCodePackageDisabler                                                                    :        1 samples, Peak.  5.01 ms (1.0x), Avg.  5.01 ms, Total. 5.009 ms (0.0%)
[Performance] InitializeOnLoad OVROpenXRUpgradeHandler.Init                                                                                                :        1 samples, Peak.   305 us (1.0x), Avg.   305 us, Total. 304.6 us (0.0%)
[Performance] InitializeOnLoad CredentialAutoRegistrar.Init                                                                                                :        1 samples, Peak.   208 us (1.0x), Avg.   208 us, Total. 207.7 us (0.0%)
[Performance] InitializeOnLoad EngineStateHelper.Init                                                                                                      :        1 samples, Peak.   227 us (1.0x), Avg.   227 us, Total. 226.7 us (0.0%)
[Performance] InitializeOnLoad ThreadHelper.Init                                                                                                           :        1 samples, Peak.   309 us (1.0x), Avg.   309 us, Total. 309.0 us (0.0%)
[Performance] InitializeOnLoad TestJobDataHolder.ResumeRunningJobs                                                                                         :        1 samples, Peak.  1.91 ms (1.0x), Avg.  1.91 ms, Total. 1.908 ms (0.0%)
[Performance] InitializeOnLoad AnalyticsReporter.RegisterCallbacks                                                                                         :        1 samples, Peak.   643 us (1.0x), Avg.   643 us, Total. 643.2 us (0.0%)
[Performance] InitializeOnLoad UnityThreadUtils.CaptureUnityThreadInfo                                                                                     :        1 samples, Peak.   263 us (1.0x), Avg.   263 us, Total. 263.0 us (0.0%)
[Performance] DidReloadScriptsAdvancedDropdownWindow.OnScriptReload                                                                                        :        2 samples, Peak.   622 us (1.1x), Avg.   588 us, Total. 1.176 ms (0.0%)
[Performance] DidReloadScriptsConduitManifestGenerationManager.OnScriptsReloaded                                                                           :        1 samples, Peak.  1.23 ms (1.0x), Avg.  1.23 ms, Total. 1.225 ms (0.0%)
[Performance] DidReloadScriptsPackageVersionUtility.OnReloadScripts                                                                                        :        1 samples, Peak.   171 us (1.0x), Avg.   171 us, Total. 170.6 us (0.0%)
[Performance] DidReloadScriptsCompilationProcessor.OnScriptsReloaded                                                                                       :        1 samples, Peak.   104 us (1.0x), Avg.   104 us, Total. 104.4 us (0.0%)
[Performance] DidReloadScriptsOVRManager.ScriptsReloaded                                                                                                   :        1 samples, Peak.  40.8 us (1.0x), Avg.  40.8 us, Total. 40.80 us (0.0%)
[Performance] DidReloadScriptsTestRunnerWindow.CompilationCallback                                                                                         :        1 samples, Peak.   377 us (1.0x), Avg.   377 us, Total. 377.0 us (0.0%)
[Performance] DidReloadScriptsTestListCache.ScriptReloaded                                                                                                 :        1 samples, Peak.  3.65 ms (1.0x), Avg.  3.65 ms, Total. 3.647 ms (0.0%)
[Performance] AssemblyReloadEvents.afterAssemblyReload: UnityEditor.XR.Management.Metadata.XRPackageMetadataStore.AssemblyReloadEvents_afterAssemblyReload :        1 samples, Peak.  6.30 ms (1.0x), Avg.  6.30 ms, Total. 6.304 ms (0.0%)
[Performance] AssetDatabase.ImportAssets                                                                                                                   :        3 samples, Peak.  1.50 us (2.0x), Avg.   767 ns, Total. 2.300 us (0.0%)
[Performance] VersionControl.Task.Wait                                                                                                                     :        1 samples, Peak.  18.5 us (1.0x), Avg.  18.5 us, Total. 18.50 us (0.0%)
[Performance] WitConfigurationPostprocessor.OnPostprocessAllAssets                                                                                         :        2 samples, Peak.   459 us (1.2x), Avg.   374 us, Total. 749.0 us (0.0%)
[Performance] AssetPostProcessor.OnPostprocessAllAssets                                                                                                    :        4 samples, Peak.  1.14 s (2.0x), Avg.   569 ms, Total. 2.274 s (8.2%)
[Performance] SceneRenameHandler.OnPostprocessAllAssets                                                                                                    :        2 samples, Peak.   316 us (1.0x), Avg.   312 us, Total. 623.7 us (0.0%)
[Performance] TMPro_TexturePostProcessor.OnPostprocessAllAssets                                                                                            :        2 samples, Peak.   664 us (1.0x), Avg.   662 us, Total. 1.324 ms (0.0%)
[Performance] AssetPostprocessor.OnPostprocessAllAssets                                                                                                    :        2 samples, Peak.   886 us (1.0x), Avg.   881 us, Total. 1.762 ms (0.0%)
[Performance] BuilderAssetPostprocessor.OnPostprocessAllAssets                                                                                             :        2 samples, Peak.  9.19 ms (1.0x), Avg.  9.18 ms, Total. 18.37 ms (0.1%)
[Performance] ArtifactBrowserPostProcessor.OnPostprocessAllAssets                                                                                          :        2 samples, Peak.   692 us (1.0x), Avg.   688 us, Total. 1.377 ms (0.0%)
[Performance] AssetEvents.OnPostprocessAllAssets                                                                                                           :        4 samples, Peak.   213 us (1.5x), Avg.   143 us, Total. 571.9 us (0.0%)
[Performance] AudioMixerPostprocessor.OnPostprocessAllAssets                                                                                               :        2 samples, Peak.   337 us (1.0x), Avg.   336 us, Total. 671.9 us (0.0%)
[Performance] StyleCatalogPostProcessor.OnPostprocessAllAssets                                                                                             :        2 samples, Peak.  30.5 ms (1.0x), Avg.  30.5 ms, Total. 61.00 ms (0.2%)
[Performance] BuildCatalog                                                                                                                                 :        1 samples, Peak.  29.1 ms (1.0x), Avg.  29.1 ms, Total. 29.15 ms (0.1%)
[Performance] ModelImporterPostProcessor.OnPostprocessAllAssets                                                                                            :        2 samples, Peak.  1.30 ms (1.0x), Avg.  1.29 ms, Total. 2.590 ms (0.0%)
[Performance] RetainedModeAssetPostprocessor.OnPostprocessAllAssets                                                                                        :        2 samples, Peak.  2.76 ms (1.0x), Avg.  2.75 ms, Total. 5.507 ms (0.0%)
[Performance] AssetChangedListener.OnPostprocessAllAssets                                                                                                  :        2 samples, Peak.  2.07 ms (1.0x), Avg.  2.06 ms, Total. 4.127 ms (0.0%)
[Performance] SpeedTreePostProcessor.OnPostprocessAllAssets                                                                                                :        2 samples, Peak.   188 us (1.0x), Avg.   186 us, Total. 371.4 us (0.0%)
[Performance] TextAssetPostProcessor.OnPostprocessAllAssets                                                                                                :        2 samples, Peak.   502 us (1.0x), Avg.   501 us, Total. 1.002 ms (0.0%)
[Performance] AssetProcessor.OnPostprocessAllAssets                                                                                                        :        6 samples, Peak.  2.48 ms (1.4x), Avg.  1.80 ms, Total. 10.78 ms (0.0%)
[Performance] SpriteEditorTexturePostprocessor.OnPostprocessAllAssets                                                                                      :        2 samples, Peak.   387 us (1.0x), Avg.   385 us, Total. 770.8 us (0.0%)
[Performance] AssetCallbacks.OnPostprocessAllAssets                                                                                                        :        2 samples, Peak.   136 ms (1.0x), Avg.   136 ms, Total. 271.6 ms (1.0%)
[Performance] SyncVS.PostprocessSyncProject                                                                                                                :        1 samples, Peak.  7.61 ms (1.0x), Avg.  7.61 ms, Total. 7.611 ms (0.0%)
[Performance] Application.ImportPackagesAndSetTemplateWhenCreatingProject                                                                                  :        1 samples, Peak.  17.5 ms (1.0x), Avg.  17.5 ms, Total. 17.45 ms (0.1%)
[Performance] Application.SyncCurrentColorSpace                                                                                                            :        1 samples, Peak.   248 ms (1.0x), Avg.   248 ms, Total. 248.0 ms (0.9%)
[Performance] Application.OnUsbDevicesChanged                                                                                                              :        1 samples, Peak.   949 us (1.0x), Avg.   949 us, Total. 949.4 us (0.0%)
[Performance] Application.AssetInstanceCacheUpdate                                                                                                         :        1 samples, Peak.   300 ns (1.0x), Avg.   300 ns, Total. 300.0 ns (0.0%)
[Performance] Application.UnityExtensions.Initialize                                                                                                       :        1 samples, Peak.  7.19 ms (1.0x), Avg.  7.19 ms, Total. 7.192 ms (0.0%)
[Performance] CodeEditorProjectSync.SyncEditorProject                                                                                                      :        1 samples, Peak.   314 ms (1.0x), Avg.   314 ms, Total. 313.9 ms (1.1%)
[Performance] Application.ExecuteStartups                                                                                                                  :        1 samples, Peak.  74.9 ms (1.0x), Avg.  74.9 ms, Total. 74.86 ms (0.3%)
[Performance] Menu.RegisterMenuInterface                                                                                                                   :       26 samples, Peak.  3.40 us (8.7x), Avg.   392 ns, Total. 10.20 us (0.0%)
[Performance] Gizmo.RebuildRenderers                                                                                                                       :        1 samples, Peak.  73.4 ms (1.0x), Avg.  73.4 ms, Total. 73.40 ms (0.3%)
[Performance] Gizmo.AddGizmoRenderers                                                                                                                      :      177 samples, Peak.  1.63 ms (70.0x), Avg.  23.3 us, Total. 4.129 ms (0.0%)
[Performance] Application.editorInitializingProject                                                                                                        :        1 samples, Peak.   322 ms (1.0x), Avg.   322 ms, Total. 322.1 ms (1.2%)
[Performance] Application.InitializeMenu                                                                                                                   :        1 samples, Peak.   782 ms (1.0x), Avg.   782 ms, Total. 782.5 ms (2.8%)
[Performance] Menu.RebuildAll                                                                                                                              :        1 samples, Peak.   782 ms (1.0x), Avg.   782 ms, Total. 782.4 ms (2.8%)
[Performance] Menu.BuildRegisteredMenuInterfaces                                                                                                           :        1 samples, Peak.   778 ms (1.0x), Avg.   778 ms, Total. 777.9 ms (2.8%)
[Performance] Menu.FilterMenuItem                                                                                                                          :     1379 samples, Peak.  30.0 ms (1331.7x), Avg.  22.5 us, Total. 31.07 ms (0.1%)
[Performance] UpdateAllMenus                                                                                                                               :        1 samples, Peak.   673 us (1.0x), Avg.   673 us, Total. 672.9 us (0.0%)
[Performance] Menu.RebuildOSMainMenu                                                                                                                       :        2 samples, Peak.  4.01 ms (1.1x), Avg.  3.79 ms, Total. 7.583 ms (0.0%)
[Performance] EditorSceneManager.sceneClosing: UnityEditor.SceneVisibilityManager.EditorSceneManagerOnSceneClosing                                         :        2 samples, Peak.   354 us (2.0x), Avg.   180 us, Total. 359.0 us (0.0%)
[Performance] EditorSceneManager.sceneClosed: OVRSceneOpen.OnSceneClosed                                                                                   :        2 samples, Peak.  1.93 ms (2.0x), Avg.   971 us, Total. 1.942 ms (0.0%)
[Performance] GUIView.RepaintAll.PlayerLoopController                                                                                                      :        1 samples, Peak.  1.60 us (1.0x), Avg.  1.60 us, Total. 1.600 us (0.0%)
[Performance] EditorSceneManager.newSceneCreated: UnityEditor.SceneTemplate.SceneTemplateService.OnNewSceneCreated                                         :        1 samples, Peak.   360 us (1.0x), Avg.   360 us, Total. 360.5 us (0.0%)
[Performance] EditorSceneManager.newSceneCreated: UnityEditor.SceneVisibilityManager.EditorSceneManagerOnNewSceneCreated                                   :        1 samples, Peak.   288 us (1.0x), Avg.   288 us, Total. 287.7 us (0.0%)
[Performance] EditorSceneManager.newSceneCreated: UnityEditor.SceneManagement.StageNavigationManager.OnNewSceneCreated                                     :        1 samples, Peak.  69.9 us (1.0x), Avg.  69.9 us, Total. 69.90 us (0.0%)
[Performance] Application.InvokeFinishedLoadingProject                                                                                                     :        1 samples, Peak.  19.0 ms (1.0x), Avg.  19.0 ms, Total. 18.96 ms (0.1%)
[Performance] ProcessService.OnProjectLoaded                                                                                                               :        1 samples, Peak.  71.4 us (1.0x), Avg.  71.4 us, Total. 71.40 us (0.0%)
[Performance] EditorSceneManager.sceneOpening: UnityEditor.SceneVisibilityManager.EditorSceneManagerOnSceneOpening                                         :        1 samples, Peak.   176 us (1.0x), Avg.   176 us, Total. 176.2 us (0.0%)
[Performance] Inspector.InitOrRebuild                                                                                                                      :        1 samples, Peak.   787 us (1.0x), Avg.   787 us, Total. 787.2 us (0.0%)
[Performance] EditorSceneManager.sceneOpened: OVRProjectSetupUpdater.OnEditorSceneManagerSceneOpened                                                       :        1 samples, Peak.  4.93 ms (1.0x), Avg.  4.93 ms, Total. 4.932 ms (0.0%)
[Performance] EditorSceneManager.sceneOpened: OVRSceneOpen.OnSceneOpened                                                                                   :        1 samples, Peak.  6.10 ms (1.0x), Avg.  6.10 ms, Total. 6.104 ms (0.0%)
[Performance] EditorSceneManager.sceneOpened: Meta.XR.BuildingBlocks.Editor.SceneListener.OnSceneOpened                                                    :        1 samples, Peak.  34.5 us (1.0x), Avg.  34.5 us, Total. 34.50 us (0.0%)
[Performance] EditorSceneManager.sceneOpened: callback in Oculus.Interaction.Editor.UnityObjectAddedBroadcaster                                            :        1 samples, Peak.  1.41 ms (1.0x), Avg.  1.41 ms, Total. 1.405 ms (0.0%)
[Performance] EditorSceneManager.sceneOpened: MetaXRAcousticMapEditor.OnSceneOpened                                                                        :        1 samples, Peak.   439 us (1.0x), Avg.   439 us, Total. 438.7 us (0.0%)
[Performance] EditorSceneManager.sceneOpened: UnityEditor.SceneTemplate.SceneTemplateService.OnSceneOpened                                                 :        1 samples, Peak.   144 us (1.0x), Avg.   144 us, Total. 144.2 us (0.0%)
[Performance] EditorSceneManager.sceneOpened: UnityEditor.SceneVisibilityManager.EditorSceneManagerOnSceneOpened                                           :        1 samples, Peak.   107 us (1.0x), Avg.   107 us, Total. 107.1 us (0.0%)
[Performance] EditorSceneManager.sceneOpened: UnityEditor.SceneManagement.StageNavigationManager.OnSceneOpened                                             :        1 samples, Peak.  48.7 us (1.0x), Avg.  48.7 us, Total. 48.70 us (0.0%)
[Performance] SceneDataContainer.TransformHierarchyChangedSetParentCallback                                                                                :       12 samples, Peak.  18.7 us (8.1x), Avg.  2.31 us, Total. 27.70 us (0.0%)
[Performance] SceneVisibilityState.IsFlagSetInParents                                                                                                      :       12 samples, Peak.  1.20 us (2.5x), Avg.   483 ns, Total. 5.800 us (0.0%)
[Performance] EditorApplication.quitting: Meta.XR.Samples.Editor.SampleMetadataTelemetry.OnEditorQuitting                                                  :        1 samples, Peak.   184 ms (1.0x), Avg.   184 ms, Total. 184.3 ms (0.7%)
[Performance] EditorApplication.quitting: OVREditorShutdown.OnEditorShutdown                                                                               :        1 samples, Peak.   277 ms (1.0x), Avg.   277 ms, Total. 277.4 ms (1.0%)
[Performance] EditorApplication.quitting: Meta.XR.Editor.PlayCompanion.Manager.OnEditorQuitting                                                            :        1 samples, Peak.   882 us (1.0x), Avg.   882 us, Total. 881.7 us (0.0%)
[Performance] EditorApplication.quitting: Meta.Voice.TelemetryUtilities.EditorTelemetry.OnUnityEditorQuitting                                              :        1 samples, Peak.  5.22 ms (1.0x), Avg.  5.22 ms, Total. 5.216 ms (0.0%)
[Performance] EditorApplication.quitting: UnityEditor.Tilemaps.SceneViewGridManager.EditorQuitting                                                         :        1 samples, Peak.   277 us (1.0x), Avg.   277 us, Total. 276.9 us (0.0%)
[Performance] EditorApplication.quitting: callback in UnityEditor.TextCore.Text.EditorEventCallbacks                                                       :        1 samples, Peak.  20.8 ms (1.0x), Avg.  20.8 ms, Total. 20.84 ms (0.1%)
[Performance] Killing ADB server                                                                                                                           :        1 samples, Peak.   198 ms (1.0x), Avg.   198 ms, Total. 198.3 ms (0.7%)
[Performance] Application.Shutdown.PauseProfilerSession                                                                                                    :        1 samples, Peak.  83.2 us (1.0x), Avg.  83.2 us, Total. 83.20 us (0.0%)
[Performance] Application.Shutdown.PauseAssetImportWorkers                                                                                                 :        1 samples, Peak.   894 us (1.0x), Avg.   894 us, Total. 894.0 us (0.0%)
[Performance] Application.Shutdown.SaveAssets                                                                                                              :        1 samples, Peak.  40.4 ms (1.0x), Avg.  40.4 ms, Total. 40.44 ms (0.1%)
[Performance] PaletteAssetModificationProcessor.OnWillSaveAssets                                                                                           :        1 samples, Peak.  1.22 ms (1.0x), Avg.  1.22 ms, Total. 1.222 ms (0.0%)
[Performance] AssetModificationProcessor.OnWillSaveAssets                                                                                                  :        1 samples, Peak.  1.39 ms (1.0x), Avg.  1.39 ms, Total. 1.390 ms (0.0%)
[Performance] BuilderAssetModificationProcessor.OnWillSaveAssets                                                                                           :        1 samples, Peak.   973 us (1.0x), Avg.   973 us, Total. 973.0 us (0.0%)
[Performance] TerrainModificationProcessor.OnWillSaveAssets                                                                                                :        1 samples, Peak.  1.68 ms (1.0x), Avg.  1.68 ms, Total. 1.679 ms (0.0%)
[Performance] Application.Shutdown.CleanupRenderPipeline                                                                                                   :        1 samples, Peak.  26.0 us (1.0x), Avg.  26.0 us, Total. 26.00 us (0.0%)
[Performance] Application.Shutdown.StopPreloadManager                                                                                                      :        1 samples, Peak.  10.1 ms (1.0x), Avg.  10.1 ms, Total. 10.15 ms (0.0%)
[Performance] Application.Shutdown.DestroyWorld                                                                                                            :        1 samples, Peak.  12.5 ms (1.0x), Avg.  12.5 ms, Total. 12.49 ms (0.0%)
[Performance] Application.Shutdown.CleanupAfterLoad                                                                                                        :        1 samples, Peak.  7.81 ms (1.0x), Avg.  7.81 ms, Total. 7.814 ms (0.0%)
[Performance] Application.Shutdown.Progress                                                                                                                :        1 samples, Peak.  18.0 us (1.0x), Avg.  18.0 us, Total. 18.00 us (0.0%)
[Performance] Application.Shutdown.GICleanupManagers                                                                                                       :        1 samples, Peak.  3.88 ms (1.0x), Avg.  3.88 ms, Total. 3.875 ms (0.0%)
[Performance] Application.Shutdown.MenuCleanupClass                                                                                                        :        1 samples, Peak.   715 us (1.0x), Avg.   715 us, Total. 715.1 us (0.0%)
[Performance] Application.Shutdown.ADBSaveStateBeforeShutdown                                                                                              :        1 samples, Peak.  19.7 us (1.0x), Avg.  19.7 us, Total. 19.70 us (0.0%)
[Performance] Application.Shutdown.RemoteShutdown                                                                                                          :        1 samples, Peak.  2.20 us (1.0x), Avg.  2.20 us, Total. 2.200 us (0.0%)
[Performance] Application.Shutdown.CleanupVCProvider                                                                                                       :        1 samples, Peak.  19.8 us (1.0x), Avg.  19.8 us, Total. 19.80 us (0.0%)
[Performance] Application.Shutdown.InputShutdown                                                                                                           :        1 samples, Peak.  12.1 us (1.0x), Avg.  12.1 us, Total. 12.10 us (0.0%)
[Performance] Application.Shutdown.GizmoManagerDestroy                                                                                                     :        1 samples, Peak.  1.84 ms (1.0x), Avg.  1.84 ms, Total. 1.838 ms (0.0%)
[Performance] Application.Shutdown.ProfilerSession                                                                                                         :        1 samples, Peak.   323 us (1.0x), Avg.   323 us, Total. 323.3 us (0.0%)
[Performance] Application.Shutdown.ReleaseGfxWindowOnAllGUIViews                                                                                           :        1 samples, Peak.   400 ns (1.0x), Avg.   400 ns, Total. 400.0 ns (0.0%)
[Performance] Application.Shutdown.CleanupEngine                                                                                                           :        1 samples, Peak.   253 ms (1.0x), Avg.   253 ms, Total. 253.3 ms (0.9%)
[Performance] Application.Shutdown.CleanupAssetDatabase                                                                                                    :        1 samples, Peak.  27.0 ms (1.0x), Avg.  27.0 ms, Total. 27.02 ms (0.1%)
[Performance] Application.Shutdown.ScriptCompilationCleanUp                                                                                                :        1 samples, Peak.  15.5 ms (1.0x), Avg.  15.5 ms, Total. 15.53 ms (0.1%)
[Performance] Application.Shutdown.DestroyJobSystem                                                                                                        :        1 samples, Peak.   628 us (1.0x), Avg.   628 us, Total. 627.7 us (0.0%)
[Performance] Application.Shutdown.CleanupPersistentManager                                                                                                :        1 samples, Peak.  4.36 ms (1.0x), Avg.  4.36 ms, Total. 4.363 ms (0.0%)
[Performance] Application.Shutdown.CleanupAsyncReadManager                                                                                                 :        1 samples, Peak.   857 us (1.0x), Avg.   857 us, Total. 856.8 us (0.0%)
[Performance] Application.Shutdown.CleanupProgressBar                                                                                                      :        1 samples, Peak.  1.00 us (1.0x), Avg.  1.00 us, Total. 1.000 us (0.0%)
[Performance] Application.Shutdown.CleanupMono                                                                                                             :        1 samples, Peak.   122 ms (1.0x), Avg.   122 ms, Total. 122.0 ms (0.4%)
[Performance] Application.Shutdown.CleanupStdConverters                                                                                                    :        1 samples, Peak.  9.00 us (1.0x), Avg.  9.00 us, Total. 9.000 us (0.0%)
[Performance] Application.Shutdown.UnloadAllPlatformSupportModuleNativeDlls                                                                                :        1 samples, Peak.   800 ns (1.0x), Avg.   800 ns, Total. 800.0 ns (0.0%)
[Performance] Application.Shutdown.UnloadAllPlatformSupportNativeLibraries                                                                                 :        1 samples, Peak.   100 ns (1.0x), Avg.   100 ns, Total. 100.0 ns (0.0%)
[Performance] Application.Shutdown.CleanupAutoDocumentation                                                                                                :        1 samples, Peak.   417 us (1.0x), Avg.   417 us, Total. 417.0 us (0.0%)
[Performance] Application.Shutdown.ShaderNameManagerDestroy                                                                                                :        1 samples, Peak.  56.2 us (1.0x), Avg.  56.2 us, Total. 56.20 us (0.0%)
[Performance] Application.Shutdown.CleanupCacheServer                                                                                                      :        1 samples, Peak.   500 ns (1.0x), Avg.   500 ns, Total. 500.0 ns (0.0%)
[Performance] Application.Shutdown.Virtualization_Shutdown                                                                                                 :        1 samples, Peak.   500 ns (1.0x), Avg.   500 ns, Total. 500.0 ns (0.0%)
[Performance] Application.Shutdown.DevConnections                                                                                                          :        1 samples, Peak.   162 us (1.0x), Avg.   162 us, Total. 161.9 us (0.0%)
Exiting batchmode successfully now!
Exiting without the bug reporter. Application will terminate with return code 0