[Licensing::Module] Trying to connect to existing licensing client channel...
[Licensing::IpcConnector] Successfully connected to the License Client on channel: "LicenseClient-Raj Brass" at "2026-08-05T13:06:35.8287541Z"
[Licensing::Client] Error: Code 10 while verifying Licensing Client signature (process Id: 5080, path: "C:/Program Files/Unity Hub/UnityLicensingClient_V1/Unity.Licensing.Client.exe")
[Licensing::Module] Error: LicensingClient has failed validation; ignoring
[Licensing::Client] Handshaking with LicensingClient:
  Version:                 1.17.4+4293ba1
  Session Id:              e05b094023c24db69f1826f1492fad3e
  Correlation Id:          7417ffab5c90dba34b4940ddd2b9b887
  External correlation Id: 5324938099557652542
  Machine Id:              NCht30bPUYmHQXFv5pZZ6H7jJHQ=
[Licensing::Module] Successfully connected to LicensingClient on channel: "LicenseClient-Raj Brass" (connect: 0.00s, validation: 0.01s, handshake: 0.05s)
[Licensing::IpcConnector] Successfully connected to the License Notification on channel: "LicenseClient-Raj Brass-notifications" at "2026-08-05T13:06:35.8959301Z"
[Licensing::Module] Error: Access token is unavailable; failed to update
[Licensing::Client] Successfully updated license
Built from '2022.3/staging' branch; Version is '2022.3.40f1 (cbdda657d2f0) revision 13360550'; Using compiler version '192829333'; Build Type 'Release'
OS: 'Windows 11  (10.0.26200) 64bit Professional' Language: 'en' Physical Memory: 7916 MB
[Licensing::Client] Successfully resolved entitlement details
[Licensing::Module] Serial number assigned to: "13469882743373-krish7122006-UnityProStuXXXX"
BatchMode: 1, IsHumanControllingUs: 0, StartBugReporterOnCrash: 0, Is64bit: 1, IsPro: 1
[Licensing::Client] Successfully resolved entitlement details

COMMAND LINE ARGUMENTS:
D:\2022.3.40f1\Editor\Unity.exe
-quit
-batchmode
-projectPath
d:\RESEARCH\laalo\laalo\TelloUnityDemo
-executeMethod
TelloUnityDemo.Editor.ArchitectureSceneSetup.SetupScene
-logFile
d:\RESEARCH\laalo\laalo\TelloUnityDemo\setup3.log
Successfully changed project path to: d:\RESEARCH\laalo\laalo\TelloUnityDemo
D:/RESEARCH/laalo/laalo/TelloUnityDemo
[UnityMemory] Configuration Parameters - Can be set up in boot.config
    "memorysetup-bucket-allocator-granularity=16"
    "memorysetup-bucket-allocator-bucket-count=8"
    "memorysetup-bucket-allocator-block-size=33554432"
    "memorysetup-bucket-allocator-block-count=8"
    "memorysetup-main-allocator-block-size=16777216"
    "memorysetup-thread-allocator-block-size=16777216"
    "memorysetup-gfx-main-allocator-block-size=16777216"
    "memorysetup-gfx-thread-allocator-block-size=16777216"
    "memorysetup-cache-allocator-block-size=4194304"
    "memorysetup-typetree-allocator-block-size=2097152"
    "memorysetup-profiler-bucket-allocator-granularity=16"
    "memorysetup-profiler-bucket-allocator-bucket-count=8"
    "memorysetup-profiler-bucket-allocator-block-size=33554432"
    "memorysetup-profiler-bucket-allocator-block-count=8"
    "memorysetup-profiler-allocator-block-size=16777216"
    "memorysetup-profiler-editor-allocator-block-size=1048576"
    "memorysetup-temp-allocator-size-main=16777216"
    "memorysetup-job-temp-allocator-block-size=2097152"
    "memorysetup-job-temp-allocator-block-size-background=1048576"
    "memorysetup-job-temp-allocator-reduction-small-platforms=262144"
    "memorysetup-allocator-temp-initial-block-size-main=262144"
    "memorysetup-allocator-temp-initial-block-size-worker=262144"
    "memorysetup-temp-allocator-size-background-worker=32768"
    "memorysetup-temp-allocator-size-job-worker=262144"
    "memorysetup-temp-allocator-size-preload-manager=33554432"
    "memorysetup-temp-allocator-size-nav-mesh-worker=65536"
    "memorysetup-temp-allocator-size-audio-worker=65536"
    "memorysetup-temp-allocator-size-cloud-worker=32768"
    "memorysetup-temp-allocator-size-gi-baking-worker=262144"
    "memorysetup-temp-allocator-size-gfx=262144"
Player connection [23204]  Target information:

Player connection [23204]  * "[IP] 10.0.101.38 [Port] 55504 [Flags] 2 [Guid] 3283517047 [EditorId] 3283517047 [Version] 1048832 [Id] WindowsEditor(7,krish) [Debug] 1 [PackageName] WindowsEditor [ProjectName] Editor" 

Player connection [23204] Host joined multi-casting on [225.0.0.222:54997]...
Player connection [23204] Host joined alternative multi-casting on [225.0.0.222:34997]...
[PhysX] Initialized MultithreadedTaskDispatcher with 8 workers.
[Package Manager] UpmClient::Connect -- Connected to IPC stream "Upm-7996" after 0.5 seconds.
[Package Manager] Restoring resolved packages state from cache
[Licensing::Client] Successfully resolved entitlement details
[Package Manager] Registered 64 packages:
  Packages from [https://packages.unity.com]:
    com.meta.xr.sdk.all@201.0.0 (location: D:\RESEARCH\laalo\laalo\TelloUnityDemo\Library\PackageCache\com.meta.xr.sdk.all@201.0.0)
    com.unity.ads@4.4.2 (location: D:\RESEARCH\laalo\laalo\TelloUnityDemo\Library\PackageCache\com.unity.ads@4.4.2)
    com.unity.ai.navigation@1.1.5 (location: D:\RESEARCH\laalo\laalo\TelloUnityDemo\Library\PackageCache\com.unity.ai.navigation@1.1.5)
    com.unity.analytics@3.8.1 (location: D:\RESEARCH\laalo\laalo\TelloUnityDemo\Library\PackageCache\com.unity.analytics@3.8.1)
    com.unity.collab-proxy@2.4.4 (location: D:\RESEARCH\laalo\laalo\TelloUnityDemo\Library\PackageCache\com.unity.collab-proxy@2.4.4)
    com.unity.ide.rider@3.0.31 (location: D:\RESEARCH\laalo\laalo\TelloUnityDemo\Library\PackageCache\com.unity.ide.rider@3.0.31)
    com.unity.ide.visualstudio@2.0.22 (location: D:\RESEARCH\laalo\laalo\TelloUnityDemo\Library\PackageCache\com.unity.ide.visualstudio@2.0.22)
    com.unity.ide.vscode@1.2.5 (location: D:\RESEARCH\laalo\laalo\TelloUnityDemo\Library\PackageCache\com.unity.ide.vscode@1.2.5)
    com.unity.test-framework@1.1.33 (location: D:\RESEARCH\laalo\laalo\TelloUnityDemo\Library\PackageCache\com.unity.test-framework@1.1.33)
    com.unity.textmeshpro@3.0.6 (location: D:\RESEARCH\laalo\laalo\TelloUnityDemo\Library\PackageCache\com.unity.textmeshpro@3.0.6)
    com.unity.timeline@1.7.6 (location: D:\RESEARCH\laalo\laalo\TelloUnityDemo\Library\PackageCache\com.unity.timeline@1.7.6)
    com.unity.ext.nunit@1.0.6 (location: D:\RESEARCH\laalo\laalo\TelloUnityDemo\Library\PackageCache\com.unity.ext.nunit@1.0.6)
    com.unity.services.analytics@5.0.0 (location: D:\RESEARCH\laalo\laalo\TelloUnityDemo\Library\PackageCache\com.unity.services.analytics@5.0.0)
    com.meta.xr.sdk.core@201.0.0 (location: D:\RESEARCH\laalo\laalo\TelloUnityDemo\Library\PackageCache\com.meta.xr.sdk.core@201.0.0)
    com.meta.xr.sdk.audio@85.0.0 (location: D:\RESEARCH\laalo\laalo\TelloUnityDemo\Library\PackageCache\com.meta.xr.sdk.audio@85.0.0)
    com.meta.xr.sdk.voice@85.0.0 (location: D:\RESEARCH\laalo\laalo\TelloUnityDemo\Library\PackageCache\com.meta.xr.sdk.voice@85.0.0)
    com.meta.xr.sdk.haptics@201.0.0 (location: D:\RESEARCH\laalo\laalo\TelloUnityDemo\Library\PackageCache\com.meta.xr.sdk.haptics@201.0.0)
    com.meta.xr.mrutilitykit@201.0.0 (location: D:\RESEARCH\laalo\laalo\TelloUnityDemo\Library\PackageCache\com.meta.xr.mrutilitykit@201.0.0)
    com.meta.xr.sdk.platform@201.0.0 (location: D:\RESEARCH\laalo\laalo\TelloUnityDemo\Library\PackageCache\com.meta.xr.sdk.platform@201.0.0)
    com.meta.xr.sdk.interaction@201.0.0 (location: D:\RESEARCH\laalo\laalo\TelloUnityDemo\Library\PackageCache\com.meta.xr.sdk.interaction@201.0.0)
    com.meta.xr.sdk.interaction.ovr@201.0.0 (location: D:\RESEARCH\laalo\laalo\TelloUnityDemo\Library\PackageCache\com.meta.xr.sdk.interaction.ovr@201.0.0)
    com.unity.services.core@1.12.5 (location: D:\RESEARCH\laalo\laalo\TelloUnityDemo\Library\PackageCache\com.unity.services.core@1.12.5)
    com.unity.inputsystem@1.7.0 (location: D:\RESEARCH\laalo\laalo\TelloUnityDemo\Library\PackageCache\com.unity.inputsystem@1.7.0)
    com.unity.nuget.newtonsoft-json@3.2.1 (location: D:\RESEARCH\laalo\laalo\TelloUnityDemo\Library\PackageCache\com.unity.nuget.newtonsoft-json@3.2.1)
    com.unity.xr.hands@1.7.2 (location: D:\RESEARCH\laalo\laalo\TelloUnityDemo\Library\PackageCache\com.unity.xr.hands@1.7.2)
    com.unity.mathematics@1.2.6 (location: D:\RESEARCH\laalo\laalo\TelloUnityDemo\Library\PackageCache\com.unity.mathematics@1.2.6)
    com.unity.xr.core-utils@2.3.0 (location: D:\RESEARCH\laalo\laalo\TelloUnityDemo\Library\PackageCache\com.unity.xr.core-utils@2.3.0)
    com.unity.xr.management@4.4.0 (location: D:\RESEARCH\laalo\laalo\TelloUnityDemo\Library\PackageCache\com.unity.xr.management@4.4.0)
    com.unity.xr.legacyinputhelpers@2.1.10 (location: D:\RESEARCH\laalo\laalo\TelloUnityDemo\Library\PackageCache\com.unity.xr.legacyinputhelpers@2.1.10)
  Built-in packages:
    com.unity.2d.sprite@1.0.0 (location: D:\RESEARCH\laalo\laalo\TelloUnityDemo\Library\PackageCache\com.unity.2d.sprite@1.0.0)
    com.unity.2d.tilemap@1.0.0 (location: D:\RESEARCH\laalo\laalo\TelloUnityDemo\Library\PackageCache\com.unity.2d.tilemap@1.0.0)
    com.unity.ugui@1.0.0 (location: D:\RESEARCH\laalo\laalo\TelloUnityDemo\Library\PackageCache\com.unity.ugui@1.0.0)
    com.unity.modules.ai@1.0.0 (location: D:\RESEARCH\laalo\laalo\TelloUnityDemo\Library\PackageCache\com.unity.modules.ai@1.0.0)
    com.unity.modules.androidjni@1.0.0 (location: D:\RESEARCH\laalo\laalo\TelloUnityDemo\Library\PackageCache\com.unity.modules.androidjni@1.0.0)
    com.unity.modules.animation@1.0.0 (location: D:\RESEARCH\laalo\laalo\TelloUnityDemo\Library\PackageCache\com.unity.modules.animation@1.0.0)
    com.unity.modules.assetbundle@1.0.0 (location: D:\RESEARCH\laalo\laalo\TelloUnityDemo\Library\PackageCache\com.unity.modules.assetbundle@1.0.0)
    com.unity.modules.audio@1.0.0 (location: D:\RESEARCH\laalo\laalo\TelloUnityDemo\Library\PackageCache\com.unity.modules.audio@1.0.0)
    com.unity.modules.cloth@1.0.0 (location: D:\RESEARCH\laalo\laalo\TelloUnityDemo\Library\PackageCache\com.unity.modules.cloth@1.0.0)
    com.unity.modules.director@1.0.0 (location: D:\RESEARCH\laalo\laalo\TelloUnityDemo\Library\PackageCache\com.unity.modules.director@1.0.0)
    com.unity.modules.imageconversion@1.0.0 (location: D:\RESEARCH\laalo\laalo\TelloUnityDemo\Library\PackageCache\com.unity.modules.imageconversion@1.0.0)
    com.unity.modules.imgui@1.0.0 (location: D:\RESEARCH\laalo\laalo\TelloUnityDemo\Library\PackageCache\com.unity.modules.imgui@1.0.0)
    com.unity.modules.jsonserialize@1.0.0 (location: D:\RESEARCH\laalo\laalo\TelloUnityDemo\Library\PackageCache\com.unity.modules.jsonserialize@1.0.0)
    com.unity.modules.particlesystem@1.0.0 (location: D:\RESEARCH\laalo\laalo\TelloUnityDemo\Library\PackageCache\com.unity.modules.particlesystem@1.0.0)
    com.unity.modules.physics@1.0.0 (location: D:\RESEARCH\laalo\laalo\TelloUnityDemo\Library\PackageCache\com.unity.modules.physics@1.0.0)
    com.unity.modules.physics2d@1.0.0 (location: D:\RESEARCH\laalo\laalo\TelloUnityDemo\Library\PackageCache\com.unity.modules.physics2d@1.0.0)
    com.unity.modules.screencapture@1.0.0 (location: D:\RESEARCH\laalo\laalo\TelloUnityDemo\Library\PackageCache\com.unity.modules.screencapture@1.0.0)
    com.unity.modules.terrain@1.0.0 (location: D:\RESEARCH\laalo\laalo\TelloUnityDemo\Library\PackageCache\com.unity.modules.terrain@1.0.0)
    com.unity.modules.terrainphysics@1.0.0 (location: D:\RESEARCH\laalo\laalo\TelloUnityDemo\Library\PackageCache\com.unity.modules.terrainphysics@1.0.0)
    com.unity.modules.tilemap@1.0.0 (location: D:\RESEARCH\laalo\laalo\TelloUnityDemo\Library\PackageCache\com.unity.modules.tilemap@1.0.0)
    com.unity.modules.ui@1.0.0 (location: D:\RESEARCH\laalo\laalo\TelloUnityDemo\Library\PackageCache\com.unity.modules.ui@1.0.0)
    com.unity.modules.uielements@1.0.0 (location: D:\RESEARCH\laalo\laalo\TelloUnityDemo\Library\PackageCache\com.unity.modules.uielements@1.0.0)
    com.unity.modules.umbra@1.0.0 (location: D:\RESEARCH\laalo\laalo\TelloUnityDemo\Library\PackageCache\com.unity.modules.umbra@1.0.0)
    com.unity.modules.unityanalytics@1.0.0 (location: D:\RESEARCH\laalo\laalo\TelloUnityDemo\Library\PackageCache\com.unity.modules.unityanalytics@1.0.0)
    com.unity.modules.unitywebrequest@1.0.0 (location: D:\RESEARCH\laalo\laalo\TelloUnityDemo\Library\PackageCache\com.unity.modules.unitywebrequest@1.0.0)
    com.unity.modules.unitywebrequestassetbundle@1.0.0 (location: D:\RESEARCH\laalo\laalo\TelloUnityDemo\Library\PackageCache\com.unity.modules.unitywebrequestassetbundle@1.0.0)
    com.unity.modules.unitywebrequestaudio@1.0.0 (location: D:\RESEARCH\laalo\laalo\TelloUnityDemo\Library\PackageCache\com.unity.modules.unitywebrequestaudio@1.0.0)
    com.unity.modules.unitywebrequesttexture@1.0.0 (location: D:\RESEARCH\laalo\laalo\TelloUnityDemo\Library\PackageCache\com.unity.modules.unitywebrequesttexture@1.0.0)
    com.unity.modules.unitywebrequestwww@1.0.0 (location: D:\RESEARCH\laalo\laalo\TelloUnityDemo\Library\PackageCache\com.unity.modules.unitywebrequestwww@1.0.0)
    com.unity.modules.vehicles@1.0.0 (location: D:\RESEARCH\laalo\laalo\TelloUnityDemo\Library\PackageCache\com.unity.modules.vehicles@1.0.0)
    com.unity.modules.video@1.0.0 (location: D:\RESEARCH\laalo\laalo\TelloUnityDemo\Library\PackageCache\com.unity.modules.video@1.0.0)
    com.unity.modules.vr@1.0.0 (location: D:\RESEARCH\laalo\laalo\TelloUnityDemo\Library\PackageCache\com.unity.modules.vr@1.0.0)
    com.unity.modules.wind@1.0.0 (location: D:\RESEARCH\laalo\laalo\TelloUnityDemo\Library\PackageCache\com.unity.modules.wind@1.0.0)
    com.unity.modules.xr@1.0.0 (location: D:\RESEARCH\laalo\laalo\TelloUnityDemo\Library\PackageCache\com.unity.modules.xr@1.0.0)
    com.unity.modules.subsystems@1.0.0 (location: D:\RESEARCH\laalo\laalo\TelloUnityDemo\Library\PackageCache\com.unity.modules.subsystems@1.0.0)
[Subsystems] No new subsystems found in resolved package list.
Package Manager log level set to [2]
[Package Manager] Done registering packages in 0.19 seconds
Refreshing native plugins compatible for Editor in 25.76 ms, found 18 plugins.
Unity memory allocator detected: MetaXRAudio native memory allocations will be tracked.
Preloading 2 native plugins for Editor in 19.35 ms.
Initialize engine version: 2022.3.40f1 (cbdda657d2f0)
[Subsystems] Discovering subsystems at path D:/2022.3.40f1/Editor/Data/Resources/UnitySubsystems
[Subsystems] Discovering subsystems at path D:/RESEARCH/laalo/laalo/TelloUnityDemo/Assets
GfxDevice: creating device client; threaded=0; jobified=0
Direct3D:
    Version:  Direct3D 11.0 [level 11.1]
    Renderer: Intel(R) UHD Graphics (ID=0x46b3)
    Vendor:   Intel
    VRAM:     3958 MB
    Driver:   32.0.101.7082
Shader 'Meta/MRUK/Scene/HighlightsAndShadows': fallback shader 'Off' not found
Shader 'Oculus/OVRMRCameraFrameLit': fallback shader 'Alpha-Diffuse' not found
[Licensing::Client] Successfully resolved entitlement details
Initialize mono
Mono path[0] = 'D:/2022.3.40f1/Editor/Data/Managed'
Mono path[1] = 'D:/2022.3.40f1/Editor/Data/MonoBleedingEdge/lib/mono/unityjit-win32'
Mono config path = 'D:/2022.3.40f1/Editor/Data/MonoBleedingEdge/etc'
Using monoOptions --debugger-agent=transport=dt_socket,embedding=1,server=y,suspend=n,address=127.0.0.1:56996
Using cacheserver namespaces - metadata:defaultmetadata, artifacts:defaultartifacts
Using cacheserver namespaces - metadata:defaultmetadata, artifacts:defaultartifacts
ImportWorker Server TCP listen port: 0
Begin MonoManager ReloadAssembly
Registering precompiled unity dll's ...
[Licensing::Client] Successfully resolved entitlement details
Register platform support module: D:/2022.3.40f1/Editor/Data/PlaybackEngines/AndroidPlayer/UnityEditor.Android.Extensions.dll
Register platform support module: D:/2022.3.40f1/Editor/Data/PlaybackEngines/WindowsStandaloneSupport/UnityEditor.WindowsStandalone.Extensions.dll
Registered in 0.021195 seconds.
- Loaded All Assemblies, in  0.484 seconds
Native extension for WindowsStandalone target not found
Native extension for Android target not found
Android Extension - Scanning For ADB Devices 1181 ms
Mono: successfully reloaded assembly
- Finished resetting the current domain, in  1.659 seconds
Domain Reload Profiling: 2144ms
	BeginReloadAssembly (146ms)
		ExecutionOrderSort (0ms)
		DisableScriptedObjects (0ms)
		BackupInstance (0ms)
		ReleaseScriptingObjects (0ms)
		CreateAndSetChildDomain (1ms)
	RebuildCommonClasses (41ms)
	RebuildNativeTypeToScriptingClass (15ms)
	initialDomainReloadingComplete (95ms)
	LoadAllAssembliesAndSetupDomain (187ms)
		LoadAssemblies (146ms)
		RebuildTransferFunctionScriptingTraits (0ms)
		AnalyzeDomain (184ms)
			TypeCache.Refresh (182ms)
				TypeCache.ScanAssembly (166ms)
			ScanForSourceGeneratedMonoScriptInfo (0ms)
			ResolveRequiredComponents (1ms)
	FinalizeReload (1660ms)
		ReleaseScriptCaches (0ms)
		RebuildScriptCaches (0ms)
		SetupLoadedEditorAssemblies (1584ms)
			LogAssemblyErrors (0ms)
			InitializePlatformSupportModulesInManaged (1332ms)
			SetLoadedEditorAssemblies (4ms)
			RefreshPlugins (0ms)
			BeforeProcessingInitializeOnLoad (2ms)
			ProcessInitializeOnLoadAttributes (174ms)
			ProcessInitializeOnLoadMethodAttributes (72ms)
			AfterProcessingInitializeOnLoad (0ms)
			EditorAssembliesLoaded (0ms)
		ExecutionOrderSort2 (0ms)
		AwakeInstancesAfterBackupRestoration (0ms)
[Licensing::Client] Successfully resolved entitlement details
Application.AssetDatabase Initial Refresh Start
[ScriptCompilation] Requested script compilation because: Assetdatabase observed changes in script compilation related files
info: Microsoft.Hosting.Lifetime[14]
      Now listening on: http://localhost:80
info: Microsoft.Hosting.Lifetime[0]
      Application started. Press Ctrl+C to shut down.
info: Microsoft.Hosting.Lifetime[0]
      Hosting environment: Production
info: Microsoft.Hosting.Lifetime[0]
      Content root path: D:\RESEARCH\laalo\laalo\TelloUnityDemo\
info: Microsoft.AspNetCore.Hosting.Diagnostics[1]
      Request starting HTTP/2 POST http://ilpp/UnityILPP.PostProcessing/Ping application/grpc -
info: Microsoft.AspNetCore.Routing.EndpointMiddleware[0]
      Executing endpoint 'gRPC - /UnityILPP.PostProcessing/Ping'
info: Microsoft.AspNetCore.Routing.EndpointMiddleware[1]
      Executed endpoint 'gRPC - /UnityILPP.PostProcessing/Ping'
info: Microsoft.AspNetCore.Hosting.Diagnostics[2]
      Request finished HTTP/2 POST http://ilpp/UnityILPP.PostProcessing/Ping application/grpc - - 200 - application/grpc 72.6520ms
Starting: D:\2022.3.40f1\Editor\Data\bee_backend.exe --dont-print-to-structured-log --ipc --defer-dag-verification --dagfile="Library/Bee/1900b0aE.dag" --continue-on-failure --profile="Library/Bee/backend1.traceevents" ScriptAssemblies
WorkingDir: D:/RESEARCH/laalo/laalo/TelloUnityDemo
DisplayProgressbar: Compiling Scripts
ExitCode: 0 Duration: 0s442ms
[1306/1309  0s] Csc Library/Bee/artifacts/1900b0aE.dag/Assembly-CSharp-Editor.dll (+2 others)
[1307/1309  0s] CopyFiles Library/ScriptAssemblies/Assembly-CSharp-Editor.pdb
[1308/1309  0s] CopyFiles Library/ScriptAssemblies/Assembly-CSharp-Editor.dll
*** Tundra build success (0.38 seconds), 3 items updated, 1309 evaluated
AssetDatabase: script compilation time: 1.286652s
Begin MonoManager ReloadAssembly
Total cache size 268301296
Total cache size after purge 268301296
Symbol file LoadedFromMemory is not a mono symbol file
- Loaded All Assemblies, in  2.466 seconds
Refreshing native plugins compatible for Editor in 14.22 ms, found 18 plugins.
Preloading 2 native plugins for Editor in 0.14 ms.
Start importing Assets/Editor/ArchitectureSceneSetup.cs using Guid(04f22c5bf5c4c04459d32d9e2e75588a) Importer(-1,00000000000000000000000000000000) [PhysX] Initialized MultithreadedTaskDispatcher with 8 workers.
 -> (artifact id: '0d171290e4ebf91cf17ad77fda8a5b93') in 0.016125 seconds
Refreshing native plugins compatible for Editor in 14.34 ms, found 18 plugins.
Native extension for WindowsStandalone target not found
Native extension for Android target not found
I0805 18:36:50.825005 23204 OVRTelemetry.cpp:57] Telemetry_Init: calling startSession with engineName=Unity, pluginVersion=1.201.0
I0805 18:36:51.009475 23204 OVRTelemetry.cpp:61] Telemetry_Init: startSession completed successfully
Mono: successfully reloaded assembly
- Finished resetting the current domain, in  2.686 seconds
Domain Reload Profiling: 5152ms
	BeginReloadAssembly (338ms)
		ExecutionOrderSort (0ms)
		DisableScriptedObjects (11ms)
		BackupInstance (0ms)
		ReleaseScriptingObjects (0ms)
		CreateAndSetChildDomain (62ms)
	RebuildCommonClasses (73ms)
	RebuildNativeTypeToScriptingClass (17ms)
	initialDomainReloadingComplete (51ms)
	LoadAllAssembliesAndSetupDomain (1988ms)
		LoadAssemblies (1805ms)
		RebuildTransferFunctionScriptingTraits (0ms)
		AnalyzeDomain (359ms)
			TypeCache.Refresh (279ms)
				TypeCache.ScanAssembly (233ms)
			ScanForSourceGeneratedMonoScriptInfo (56ms)
			ResolveRequiredComponents (21ms)
	FinalizeReload (2687ms)
		ReleaseScriptCaches (0ms)
		RebuildScriptCaches (0ms)
		SetupLoadedEditorAssemblies (2483ms)
			LogAssemblyErrors (0ms)
			InitializePlatformSupportModulesInManaged (30ms)
			SetLoadedEditorAssemblies (6ms)
			RefreshPlugins (0ms)
			BeforeProcessingInitializeOnLoad (108ms)
			ProcessInitializeOnLoadAttributes (2254ms)
			ProcessInitializeOnLoadMethodAttributes (82ms)
			AfterProcessingInitializeOnLoad (2ms)
			EditorAssembliesLoaded (0ms)
		ExecutionOrderSort2 (0ms)
		AwakeInstancesAfterBackupRestoration (9ms)
Refreshing native plugins compatible for Editor in 15.32 ms, found 18 plugins.
Preloading 2 native plugins for Editor in 0.12 ms.
Asset Pipeline Refresh (id=57b5a6ff399c2144ca680de1ff9b7700): Total: 12.594 seconds - Initiated by InitialRefreshV2(ForceSynchronousImport)
	Summary:
		Imports: total=3 (actual=1, local cache=2, cache server=0)
		Asset DB Process Time: managed=6 ms, native=5186 ms
		Asset DB Callback time: managed=653 ms, native=21 ms
		Scripting: domain reloads=1, domain reload time=5357 ms, compile time=1287 ms, other=82 ms
		Project Asset Count: scripts=7683, non-scripts=3498
		Asset File Changes: new=0, changed=1, moved=0, deleted=0
		Scan Filter Count: 0
	InvokeBeforeRefreshCallbacks: 0.537ms
	ApplyChangesToAssetFolders: 0.082ms
	Scan: 141.199ms
	OnSourceAssetsModified: 4.048ms
	GetAllGuidsForCategorization: 1.338ms
	CategorizeAssets: 261.518ms
	ImportOutOfDateAssets: 2853.123ms (1497.561ms without children)
		ImportManagerImport: 20.242ms (3.620ms without children)
			ImportInProcess: 16.585ms
			UpdateCategorizedAssets: 0.037ms
		CompileScripts: 1286.795ms
		ReloadNativeAssets: 0.001ms
		UnloadImportedAssets: 38.124ms
		ReloadImportedAssets: 0.577ms
		EnsureUptoDateAssetsAreRegisteredWithGuidPM: 5.968ms
		InitializingProgressBar: 0.029ms
		PostProcessAllAssetNotificationsAddChangedAssets: 0.016ms
		OnDemandSchedulerStart: 3.810ms
	PostProcessAllAssets: 651.895ms
	Hotreload: 18.423ms
	GatherAllCurrentPrimaryArtifactRevisions: 0.003ms
	UnloadStreamsBegin: 5.110ms
	PersistCurrentRevisions: 2.686ms
	UnloadStreamsEnd: 0.312ms
	GenerateScriptTypeHashes: 18.089ms
	Untracked: 8654.185ms
Application.AssetDatabase Initial Refresh End
Shader 'Oculus/OVRMRCameraFrameLit': fallback shader 'Alpha-Diffuse' not found
Shader 'Meta/MRUK/Scene/HighlightsAndShadows': fallback shader 'Off' not found
Launched and connected shader compiler UnityShaderCompiler.exe after 0.10 seconds
Scanning for USB devices : 1.397ms
Initializing Unity extensions:
[Licensing::Client] Successfully resolved entitlement details
[MODES] ModeService[none].Initialize
[MODES] ModeService[none].LoadModes
[MODES] Loading mode Default (0) for mode-current-id-TelloUnityDemo
[PhysX] Initialized MultithreadedTaskDispatcher with 8 workers.
ProgressiveSceneManager::Cancel()
Unloading 14 Unused Serialized files (Serialized files now loaded: 0)
Unloading 157 unused Assets / (1.0 MB). Loaded Objects now: 6223.
Memory consumption went from 187.7 MB to 186.7 MB.
Total: 12.424000 ms (FindLiveObjects: 0.387500 ms CreateObjectMapping: 0.273300 ms MarkObjects: 11.093600 ms  DeleteObjects: 0.661300 ms)

Opening scene 'Assets/Scenes/implemented.unity'
[PhysX] Initialized MultithreadedTaskDispatcher with 8 workers.
Unloading 1 Unused Serialized files (Serialized files now loaded: 0)
Loaded scene 'Assets/Scenes/implemented.unity'
	Deserialize:            2.399 ms
	Integration:            149.149 ms
	Integration of assets:  0.002 ms
	Thread Wait Time:       0.056 ms
	Total Operation Time:   151.606 ms
Unloading 2 unused Assets / (1.0 KB). Loaded Objects now: 8702.
Memory consumption went from 196.4 MB to 196.4 MB.
Total: 12.096200 ms (FindLiveObjects: 0.587500 ms CreateObjectMapping: 0.318400 ms MarkObjects: 11.120800 ms  DeleteObjects: 0.067900 ms)

[SceneSetup] Starting automated scene setup...
UnityEngine.StackTraceUtility:ExtractStackTrace ()
UnityEngine.DebugLogHandler:LogFormat (UnityEngine.LogType,UnityEngine.Object,string,object[])
UnityEngine.Logger:Log (UnityEngine.LogType,object)
UnityEngine.Debug:Log (object)
TelloUnityDemo.Editor.ArchitectureSceneSetup:SetupScene () (at Assets/Editor/ArchitectureSceneSetup.cs:27)

(Filename: Assets/Editor/ArchitectureSceneSetup.cs Line: 27)

[SceneSetup] Scene setup completed! Please save the scene (Ctrl+S) and manually assign OVRHand/OVRBody references to the VRInputManager.
UnityEngine.StackTraceUtility:ExtractStackTrace ()
UnityEngine.DebugLogHandler:LogFormat (UnityEngine.LogType,UnityEngine.Object,string,object[])
UnityEngine.Logger:Log (UnityEngine.LogType,object)
UnityEngine.Debug:Log (object)
TelloUnityDemo.Editor.ArchitectureSceneSetup:SetupScene () (at Assets/Editor/ArchitectureSceneSetup.cs:82)

(Filename: Assets/Editor/ArchitectureSceneSetup.cs Line: 82)

Batchmode quit successfully invoked - shutting down!
Killing ADB server in 0.210746 seconds.
[PhysX] Initialized MultithreadedTaskDispatcher with 8 workers.
[Licensing::IpcConnector] License Notification channel disconnected successfully.
[Licensing::IpcConnector] License Client channel disconnected successfully.
Cleanup mono
abort_threads: Failed aborting id: 0000000000003AB8, mono_thread_manage will ignore it

abort_threads: Failed aborting id: 0000000000005DF0, mono_thread_manage will ignore it

abort_threads: Failed aborting id: 0000000000003AB8, mono_thread_manage will ignore it

abort_threads: Failed aborting id: 0000000000005DF0, mono_thread_manage will ignore it

debugger-agent: Unable to listen on 5732
[Performance] WinEditorMain                                                                                                                                                                                                                         :        1 samples, Peak.  1.04 s (1.0x), Avg.  1.04 s, Total. 1.040 s (3.6%)
[Performance] WinEditorMain.ConfigureCrashHandler                                                                                                                                                                                                   :        1 samples, Peak.  99.0 us (1.0x), Avg.  99.0 us, Total. 99.00 us (0.0%)
[Performance] WinEditorMain.CurlRequestInitialize                                                                                                                                                                                                   :        1 samples, Peak.  3.41 ms (1.0x), Avg.  3.41 ms, Total. 3.415 ms (0.0%)
[Performance] WinEditorMain.SetupLogFile                                                                                                                                                                                                            :        1 samples, Peak.   653 us (1.0x), Avg.   653 us, Total. 653.0 us (0.0%)
[Performance] WinEditorMain.RunNativeTestsIfRequiredAndExit                                                                                                                                                                                         :        1 samples, Peak.   200 ns (1.0x), Avg.   200 ns, Total. 200.0 ns (0.0%)
[Performance] WinEditorMain.Licensing                                                                                                                                                                                                               :        1 samples, Peak.  1.01 s (1.0x), Avg.  1.01 s, Total. 1.012 s (3.5%)
[Performance] WinEditorMain.InitializeCrashHandler                                                                                                                                                                                                  :        1 samples, Peak.  19.1 ms (1.0x), Avg.  19.1 ms, Total. 19.15 ms (0.1%)
[Performance] WinEditorMain.CreateApplication                                                                                                                                                                                                       :        1 samples, Peak.   425 us (1.0x), Avg.   425 us, Total. 425.0 us (0.0%)
[Performance] Application.InitializeProject                                                                                                                                                                                                         :        1 samples, Peak.  17.9 s (1.0x), Avg.  17.9 s, Total. 17.94 s (62.2%)
[Performance] Application.PackageManager.StartServer                                                                                                                                                                                                :        1 samples, Peak.   282 ms (1.0x), Avg.   282 ms, Total. 282.3 ms (1.0%)
[Performance] Application.AcquireProjectLock                                                                                                                                                                                                        :        1 samples, Peak.  24.0 ms (1.0x), Avg.  24.0 ms, Total. 23.96 ms (0.1%)
[Performance] Application.InitializeEngineNoGraphics                                                                                                                                                                                                :        1 samples, Peak.  96.6 ms (1.0x), Avg.  96.6 ms, Total. 96.55 ms (0.3%)
[Performance] Application.PackageManager.Initialize                                                                                                                                                                                                 :        1 samples, Peak.   480 ms (1.0x), Avg.   480 ms, Total. 480.5 ms (1.7%)
[Performance] Connecting to Package Manager                                                                                                                                                                                                         :       49 samples, Peak.   149 us (23.1x), Avg.  6.44 us, Total. 315.5 us (0.0%)
[Performance] Application.EngineGraphics.Initialize                                                                                                                                                                                                 :        1 samples, Peak.   567 ms (1.0x), Avg.   567 ms, Total. 567.0 ms (2.0%)
[Performance] Application.GI.Initialize                                                                                                                                                                                                             :        1 samples, Peak.  7.41 ms (1.0x), Avg.  7.41 ms, Total. 7.415 ms (0.0%)
[Performance] Application.LoadAllDefaultResourcesFromEditor                                                                                                                                                                                         :        1 samples, Peak.  2.54 ms (1.0x), Avg.  2.54 ms, Total. 2.538 ms (0.0%)
[Performance] Application.LoadMonoAssemblies                                                                                                                                                                                                        :        1 samples, Peak.  2.16 s (1.0x), Avg.  2.16 s, Total. 2.159 s (7.5%)
[Performance] RestoreManagedReferences                                                                                                                                                                                                              :        2 samples, Peak.  67.9 ms (2.0x), Avg.  33.9 ms, Total. 67.88 ms (0.2%)
[Performance] EditorResources.Load                                                                                                                                                                                                                  :        4 samples, Peak.  28.5 ms (3.9x), Avg.  7.26 ms, Total. 29.04 ms (0.1%)
[Performance] InitializeOnLoad MixerEffectDefinitionReloader                                                                                                                                                                                        :        2 samples, Peak.  5.27 ms (1.1x), Avg.  4.92 ms, Total. 9.845 ms (0.0%)
[Performance] InitializeOnLoad SettingsService                                                                                                                                                                                                      :        2 samples, Peak.  22.2 us (1.2x), Avg.  19.1 us, Total. 38.30 us (0.0%)
[Performance] InitializeOnLoad AssetStoreContext                                                                                                                                                                                                    :        2 samples, Peak.  31.6 ms (1.7x), Avg.  18.1 ms, Total. 36.14 ms (0.1%)
[Performance] InitializeOnLoad ObjectSelectorSearch                                                                                                                                                                                                 :        2 samples, Peak.   158 us (1.4x), Avg.   112 us, Total. 223.9 us (0.0%)
[Performance] InitializeOnLoad SceneSearch                                                                                                                                                                                                          :        2 samples, Peak.  2.04 ms (1.9x), Avg.  1.07 ms, Total. 2.137 ms (0.0%)
[Performance] InitializeOnLoad ProjectSearch                                                                                                                                                                                                        :        2 samples, Peak.   191 us (1.1x), Avg.   173 us, Total. 346.4 us (0.0%)
[Performance] InitializeOnLoad WindowLayout                                                                                                                                                                                                         :        2 samples, Peak.   744 us (1.1x), Avg.   655 us, Total. 1.309 ms (0.0%)
[Performance] InitializeOnLoad CacheServerWindow                                                                                                                                                                                                    :        2 samples, Peak.  35.0 us (1.1x), Avg.  33.0 us, Total. 66.00 us (0.0%)
[Performance] InitializeOnLoad NativeFormatImporterUtility                                                                                                                                                                                          :        2 samples, Peak.  4.16 ms (1.2x), Avg.  3.52 ms, Total. 7.030 ms (0.0%)
[Performance] InitializeOnLoad DrivenRectTransformUndo                                                                                                                                                                                              :        2 samples, Peak.   403 us (1.2x), Avg.   335 us, Total. 669.9 us (0.0%)
[Performance] InitializeOnLoad CloudBuild                                                                                                                                                                                                           :        2 samples, Peak.  6.80 us (1.1x), Avg.  6.05 us, Total. 12.10 us (0.0%)
[Performance] InitializeOnLoad ManagedDebuggerWindow                                                                                                                                                                                                :        2 samples, Peak.  1.34 ms (1.3x), Avg.  1.06 ms, Total. 2.117 ms (0.0%)
[Performance] InitializeOnLoad PrefabInstanceChangedListener                                                                                                                                                                                        :        2 samples, Peak.   195 us (1.2x), Avg.   167 us, Total. 334.2 us (0.0%)
[Performance] InitializeOnLoad AddComponentWindow                                                                                                                                                                                                   :        2 samples, Peak.  1.13 ms (1.8x), Avg.   621 us, Total. 1.242 ms (0.0%)
[Performance] InitializeOnLoad ManagedDebugger                                                                                                                                                                                                      :        2 samples, Peak.  1.10 us (1.5x), Avg.   750 ns, Total. 1.500 us (0.0%)
[Performance] InitializeOnLoad MenuItems                                                                                                                                                                                                            :        2 samples, Peak.   114 us (1.0x), Avg.   112 us, Total. 224.4 us (0.0%)
[Performance] InitializeOnLoad EditMode                                                                                                                                                                                                             :        2 samples, Peak.   561 us (1.2x), Avg.   457 us, Total. 914.9 us (0.0%)
[Performance] InitializeOnLoad UISystemProfilerRenderService                                                                                                                                                                                        :        2 samples, Peak.  8.50 us (1.0x), Avg.  8.15 us, Total. 16.30 us (0.0%)
[Performance] InitializeOnLoad PlayModeDownload                                                                                                                                                                                                     :        2 samples, Peak.   803 us (1.7x), Avg.   473 us, Total. 945.4 us (0.0%)
[Performance] InitializeOnLoad ShortcutIntegration                                                                                                                                                                                                  :        2 samples, Peak.  83.8 us (1.2x), Avg.  70.7 us, Total. 141.4 us (0.0%)
[Performance] InitializeOnLoad UnityConnect                                                                                                                                                                                                         :        2 samples, Peak.  52.0 us (1.1x), Avg.  48.0 us, Total. 96.00 us (0.0%)
[Performance] InitializeOnLoad SearchService                                                                                                                                                                                                        :        2 samples, Peak.   120 us (1.1x), Avg.   114 us, Total. 227.9 us (0.0%)
[Performance] InitializeOnLoad EditorMonitor                                                                                                                                                                                                        :        2 samples, Peak.  1.59 ms (1.5x), Avg.  1.06 ms, Total. 2.116 ms (0.0%)
[Performance] InitializeOnLoad RetainedMode                                                                                                                                                                                                         :        2 samples, Peak.  2.72 ms (1.0x), Avg.  2.59 ms, Total. 5.180 ms (0.0%)
[Performance] InitializeOnLoad EditorShaderLoader                                                                                                                                                                                                   :        2 samples, Peak.   738 us (1.1x), Avg.   700 us, Total. 1.400 ms (0.0%)
[Performance] InitializeOnLoad EditorDelegateRegistration                                                                                                                                                                                           :        2 samples, Peak.  2.22 ms (1.6x), Avg.  1.37 ms, Total. 2.749 ms (0.0%)
[Performance] InitializeOnLoad UIDocumentHierarchyWatcher                                                                                                                                                                                           :        2 samples, Peak.   428 us (1.7x), Avg.   251 us, Total. 501.1 us (0.0%)
[Performance] InitializeOnLoad LiveReloadTrackerCreator                                                                                                                                                                                             :        2 samples, Peak.   393 us (1.4x), Avg.   290 us, Total. 580.3 us (0.0%)
[Performance] InitializeOnLoad UxmlObjectEditorFactories                                                                                                                                                                                            :        2 samples, Peak.   969 us (1.2x), Avg.   800 us, Total. 1.600 ms (0.0%)
[Performance] InitializeOnLoad UXMLEditorFactories                                                                                                                                                                                                  :        2 samples, Peak.  84.5 ms (1.0x), Avg.  83.2 ms, Total. 166.4 ms (0.6%)
[Performance] InitializeOnLoad CloudBuildPoller                                                                                                                                                                                                     :        2 samples, Peak.  1.67 ms (1.4x), Avg.  1.19 ms, Total. 2.384 ms (0.0%)
[Performance] InitializeOnLoad AdsService                                                                                                                                                                                                           :        2 samples, Peak.  3.97 ms (1.1x), Avg.  3.57 ms, Total. 7.147 ms (0.0%)
[Performance] InitializeOnLoad EditorGameServicesAnalytics                                                                                                                                                                                          :        2 samples, Peak.  1.28 ms (1.1x), Avg.  1.13 ms, Total. 2.254 ms (0.0%)
[Performance] InitializeOnLoad UDPService                                                                                                                                                                                                           :        2 samples, Peak.   218 us (1.0x), Avg.   217 us, Total. 434.6 us (0.0%)
[Performance] InitializeOnLoad BuildService                                                                                                                                                                                                         :        2 samples, Peak.   161 us (1.0x), Avg.   154 us, Total. 308.7 us (0.0%)
[Performance] InitializeOnLoad ServicesRepository                                                                                                                                                                                                   :        2 samples, Peak.   900 ns (1.3x), Avg.   700 ns, Total. 1.400 us (0.0%)
[Performance] InitializeOnLoad PurchasingService                                                                                                                                                                                                    :        2 samples, Peak.  7.55 ms (1.0x), Avg.  7.21 ms, Total. 14.42 ms (0.1%)
[Performance] InitializeOnLoad AnalyticsService                                                                                                                                                                                                     :        2 samples, Peak.  1.14 ms (1.6x), Avg.   691 us, Total. 1.382 ms (0.0%)
[Performance] InitializeOnLoad CrashService                                                                                                                                                                                                         :        2 samples, Peak.   512 us (1.6x), Avg.   328 us, Total. 655.9 us (0.0%)
[Performance] InitializeOnLoad SearchWindow                                                                                                                                                                                                         :        2 samples, Peak.   267 us (1.2x), Avg.   219 us, Total. 437.9 us (0.0%)
[Performance] InitializeOnLoad CustomIndexers                                                                                                                                                                                                       :        2 samples, Peak.  32.0 ms (1.1x), Avg.  28.2 ms, Total. 56.40 ms (0.2%)
[Performance] InitializeOnLoad SearchMonitor                                                                                                                                                                                                        :        2 samples, Peak.  2.13 ms (1.3x), Avg.  1.69 ms, Total. 3.388 ms (0.0%)
[Performance] InitializeOnLoad ParameterControllerEditor                                                                                                                                                                                            :        2 samples, Peak.  31.0 us (1.1x), Avg.  27.3 us, Total. 54.50 us (0.0%)
[Performance] InitializeOnLoad LayerSettingsWindow                                                                                                                                                                                                  :        2 samples, Peak.  30.5 us (1.7x), Avg.  18.3 us, Total. 36.60 us (0.0%)
[Performance] InitializeOnLoad PackageManagerHookGUIDConverter.RegisterPackagesEventHandler                                                                                                                                                         :        2 samples, Peak.  1.38 ms (1.7x), Avg.   807 us, Total. 1.615 ms (0.0%)
[Performance] InitializeOnLoad EditorDragAndDrop.RegisterEditorClient                                                                                                                                                                               :        2 samples, Peak.   604 us (1.4x), Avg.   423 us, Total. 845.6 us (0.0%)
[Performance] InitializeOnLoad EditorEventCallbacks.InitializeFontAssetResourceChangeCallBacks                                                                                                                                                      :        2 samples, Peak.  2.99 ms (1.4x), Avg.  2.21 ms, Total. 4.412 ms (0.0%)
[Performance] InitializeOnLoad SceneTemplateService.Init                                                                                                                                                                                            :        2 samples, Peak.  1.41 ms (1.0x), Avg.  1.40 ms, Total. 2.800 ms (0.0%)
[Performance] InitializeOnLoad DiagnosticSwitchesConsoleMessage.Init                                                                                                                                                                                :        2 samples, Peak.  10.1 ms (1.9x), Avg.  5.34 ms, Total. 10.68 ms (0.0%)
[Performance] InitializeOnLoad ToolShortcutContext.Init                                                                                                                                                                                             :        2 samples, Peak.   413 us (1.2x), Avg.   337 us, Total. 673.4 us (0.0%)
[Performance] InitializeOnLoad SceneViewMotion.RegisterShortcutContexts                                                                                                                                                                             :        2 samples, Peak.   425 us (1.4x), Avg.   298 us, Total. 597.0 us (0.0%)
[Performance] InitializeOnLoad RectSelection.RegisterShortcutContext                                                                                                                                                                                :        2 samples, Peak.   394 us (1.3x), Avg.   303 us, Total. 605.6 us (0.0%)
[Performance] InitializeOnLoad SceneVisibilityManager.Initialize                                                                                                                                                                                    :        2 samples, Peak.  4.16 ms (1.4x), Avg.  3.01 ms, Total. 6.014 ms (0.0%)
[Performance] InitializeOnLoad AssetPostprocessingInternal.RefreshCustomDependencies                                                                                                                                                                :        2 samples, Peak.  4.71 ms (1.5x), Avg.  3.24 ms, Total. 6.472 ms (0.0%)
[Performance] InitializeOnLoad EditorWindow.Initialize                                                                                                                                                                                              :        2 samples, Peak.   641 us (1.3x), Avg.   495 us, Total. 989.4 us (0.0%)
[Performance] InitializeOnLoad PackageManagerWindow.EditorInitializedInSafeMode                                                                                                                                                                     :        2 samples, Peak.  44.3 ms (2.0x), Avg.  22.3 ms, Total. 44.67 ms (0.2%)
[Performance] InitializeOnLoad MemoryProfilerCompilationGuard.InjectCompileGuard                                                                                                                                                                    :        2 samples, Peak.   521 us (1.5x), Avg.   349 us, Total. 697.5 us (0.0%)
[Performance] InitializeOnLoad ScopedRegistryAddedPopup.SubscribeToRegistriesAdded                                                                                                                                                                  :        2 samples, Peak.  9.67 ms (2.0x), Avg.  4.89 ms, Total. 9.777 ms (0.0%)
[Performance] InitializeOnLoad SysrootManager.Initialize                                                                                                                                                                                            :        2 samples, Peak.   671 us (1.0x), Avg.   662 us, Total. 1.324 ms (0.0%)
[Performance] AssemblyReloadEvents.afterAssemblyReload: UnityEditor.SceneTemplate.SceneTemplateService.AfterAssemblyReload                                                                                                                          :        2 samples, Peak.  7.48 ms (1.8x), Avg.  4.05 ms, Total. 8.104 ms (0.0%)
[Performance] ProcessService.EditorAfterLoadAllAssemblies                                                                                                                                                                                           :        2 samples, Peak.   500 us (1.0x), Avg.   478 us, Total. 956.2 us (0.0%)
[Performance] Application.ReadLicenseInfo                                                                                                                                                                                                           :        1 samples, Peak.  28.0 ms (1.0x), Avg.  28.0 ms, Total. 28.03 ms (0.1%)
[Performance] Application.InitialRefresh                                                                                                                                                                                                            :        1 samples, Peak.  12.6 s (1.0x), Avg.  12.6 s, Total. 12.60 s (43.7%)
[Performance] ShaderImporter.SourceAssetModified                                                                                                                                                                                                    :        2 samples, Peak.  1.60 us (1.6x), Avg.  1.00 us, Total. 2.000 us (0.0%)
[Performance] ShaderIncludeImporter.SourceAssetModified                                                                                                                                                                                             :        2 samples, Peak.  1.70 us (1.3x), Avg.  1.30 us, Total. 2.600 us (0.0%)
[Performance] Compiling Scripts                                                                                                                                                                                                                     :        1 samples, Peak.  1.29 s (1.0x), Avg.  1.29 s, Total. 1.287 s (4.5%)
[Performance] AssemblyReloadEvents.beforeAssemblyReload: UnityEditor.SceneTemplate.SceneTemplateService.BeforeAssemblyReload                                                                                                                        :        1 samples, Peak.  1.17 ms (1.0x), Avg.  1.17 ms, Total. 1.171 ms (0.0%)
[Performance] PresetManagerPostProcessor.OnPreprocessAsset                                                                                                                                                                                          :        1 samples, Peak.  2.51 ms (1.0x), Avg.  2.51 ms, Total. 2.513 ms (0.0%)
[Performance] CancelSplashScreenOnAssetChange.OnPreprocessAsset                                                                                                                                                                                     :        1 samples, Peak.   293 us (1.0x), Avg.   293 us, Total. 293.1 us (0.0%)
[Performance] InitializeOnLoad InputSystem                                                                                                                                                                                                          :        1 samples, Peak.  73.3 ms (1.0x), Avg.  73.3 ms, Total. 73.28 ms (0.3%)
[Performance] InitializeOnLoad TouchSimulation                                                                                                                                                                                                      :        1 samples, Peak.   152 us (1.0x), Avg.   152 us, Total. 152.4 us (0.0%)
[Performance] InitializeOnLoad XRHandsEditmodeUsageEvent                                                                                                                                                                                            :        1 samples, Peak.   295 us (1.0x), Avg.   295 us, Total. 295.1 us (0.0%)
[Performance] InitializeOnLoad XRHandsPlaymodeUsageEvent                                                                                                                                                                                            :        1 samples, Peak.   123 us (1.0x), Avg.   123 us, Total. 122.7 us (0.0%)
[Performance] InitializeOnLoad XRHandDevice                                                                                                                                                                                                         :        1 samples, Peak.   271 us (1.0x), Avg.   271 us, Total. 271.4 us (0.0%)
[Performance] InitializeOnLoad MetaAimHand                                                                                                                                                                                                          :        1 samples, Peak.   132 us (1.0x), Avg.   132 us, Total. 132.4 us (0.0%)
[Performance] InitializeOnLoad AnalyticsPlayModeUsageHooks                                                                                                                                                                                          :        1 samples, Peak.   152 us (1.0x), Avg.   152 us, Total. 152.3 us (0.0%)
[Performance] InitializeOnLoad FeatureRampUpManager                                                                                                                                                                                                 :        1 samples, Peak.   960 us (1.0x), Avg.   960 us, Total. 959.8 us (0.0%)
[Performance] InitializeOnLoad PrefabLayoutRebuilder                                                                                                                                                                                                :        1 samples, Peak.   460 us (1.0x), Avg.   460 us, Total. 460.3 us (0.0%)
[Performance] InitializeOnLoad PlatformSettings                                                                                                                                                                                                     :        1 samples, Peak.  5.60 us (1.0x), Avg.  5.60 us, Total. 5.600 us (0.0%)
[Performance] InitializeOnLoad RemoteNotificationManager                                                                                                                                                                                            :        1 samples, Peak.   630 us (1.0x), Avg.   630 us, Total. 630.3 us (0.0%)
[Performance] InitializeOnLoad XRGeneralSettingsPerBuildTarget                                                                                                                                                                                      :        1 samples, Peak.  2.63 ms (1.0x), Avg.  2.63 ms, Total. 2.631 ms (0.0%)
[Performance] InitializeOnLoad XRLegacyUninstaller                                                                                                                                                                                                  :        1 samples, Peak.  23.4 ms (1.0x), Avg.  23.4 ms, Total. 23.40 ms (0.1%)
[Performance] InitializeOnLoad XRPackageInitializationBootstrap                                                                                                                                                                                     :        1 samples, Peak.  83.5 us (1.0x), Avg.  83.5 us, Total. 83.50 us (0.0%)
[Performance] InitializeOnLoad XRPackageMetadataStore                                                                                                                                                                                               :        1 samples, Peak.   523 us (1.0x), Avg.   523 us, Total. 523.0 us (0.0%)
[Performance] InitializeOnLoad ScriptableSettingsInitializer                                                                                                                                                                                        :        1 samples, Peak.   200 us (1.0x), Avg.   200 us, Total. 200.0 us (0.0%)
[Performance] InitializeOnLoad BuildValidator                                                                                                                                                                                                       :        1 samples, Peak.   668 us (1.0x), Avg.   668 us, Total. 667.5 us (0.0%)
[Performance] InitializeOnLoad Dropdown                                                                                                                                                                                                             :        1 samples, Peak.  4.04 ms (1.0x), Avg.  4.04 ms, Total. 4.041 ms (0.0%)
[Performance] InitializeOnLoad OVREngineConfigurationUpdater                                                                                                                                                                                        :        1 samples, Peak.  9.19 ms (1.0x), Avg.  9.19 ms, Total. 9.191 ms (0.0%)
[Performance] InitializeOnLoad OVRProjectSetupXRTasks                                                                                                                                                                                               :        1 samples, Peak.  56.8 ms (1.0x), Avg.  56.8 ms, Total. 56.82 ms (0.2%)
[Performance] InitializeOnLoad OVRSceneChangeListener                                                                                                                                                                                               :        1 samples, Peak.   297 us (1.0x), Avg.   297 us, Total. 297.4 us (0.0%)
[Performance] InitializeOnLoad UPSTContentManager                                                                                                                                                                                                   :        1 samples, Peak.  1.03 s (1.0x), Avg.  1.03 s, Total. 1.031 s (3.6%)
[Performance] InitializeOnLoad SampleMetadataTelemetry                                                                                                                                                                                              :        1 samples, Peak.   424 us (1.0x), Avg.   424 us, Total. 423.8 us (0.0%)
[Performance] InitializeOnLoad OVRProjectSetupMovementSDKTasks2                                                                                                                                                                                     :        1 samples, Peak.  4.71 ms (1.0x), Avg.  4.71 ms, Total. 4.714 ms (0.0%)
[Performance] InitializeOnLoad OVRConfig                                                                                                                                                                                                            :        1 samples, Peak.  18.0 us (1.0x), Avg.  18.0 us, Total. 18.00 us (0.0%)
[Performance] InitializeOnLoad OVRProjectSetupOverlayTasks                                                                                                                                                                                          :        1 samples, Peak.  1.87 ms (1.0x), Avg.  1.87 ms, Total. 1.867 ms (0.0%)
[Performance] InitializeOnLoad OVREditorUtils                                                                                                                                                                                                       :        1 samples, Peak.  3.99 ms (1.0x), Avg.  3.99 ms, Total. 3.990 ms (0.0%)
[Performance] InitializeOnLoad OVRProjectSetupUpdater                                                                                                                                                                                               :        1 samples, Peak.  1.70 us (1.0x), Avg.  1.70 us, Total. 1.700 us (0.0%)
[Performance] InitializeOnLoad OptimizeTextureCompression                                                                                                                                                                                           :        1 samples, Peak.  21.0 ms (1.0x), Avg.  21.0 ms, Total. 20.99 ms (0.1%)
[Performance] InitializeOnLoad OVREditorStart                                                                                                                                                                                                       :        1 samples, Peak.   181 us (1.0x), Avg.   181 us, Total. 181.1 us (0.0%)
[Performance] InitializeOnLoad FeatureStatusReporter                                                                                                                                                                                                :        1 samples, Peak.  1.95 ms (1.0x), Avg.  1.95 ms, Total. 1.945 ms (0.0%)
[Performance] InitializeOnLoad OVRPlatformToolSettings                                                                                                                                                                                              :        1 samples, Peak.   145 us (1.0x), Avg.   145 us, Total. 145.0 us (0.0%)
[Performance] InitializeOnLoad AndroidCompatibility                                                                                                                                                                                                 :        1 samples, Peak.  5.06 ms (1.0x), Avg.  5.06 ms, Total. 5.065 ms (0.0%)
[Performance] InitializeOnLoad OVRProjectSetupRenderingTasks                                                                                                                                                                                        :        1 samples, Peak.  4.69 ms (1.0x), Avg.  4.69 ms, Total. 4.689 ms (0.0%)
[Performance] InitializeOnLoad OVRProjectSetupQualityTasks                                                                                                                                                                                          :        1 samples, Peak.  2.35 ms (1.0x), Avg.  2.35 ms, Total. 2.347 ms (0.0%)
[Performance] InitializeOnLoad OVRGradleGeneration                                                                                                                                                                                                  :        1 samples, Peak.   165 us (1.0x), Avg.   165 us, Total. 164.9 us (0.0%)
[Performance] InitializeOnLoad OVRProjectSetupDeviceTasks                                                                                                                                                                                           :        1 samples, Peak.  1.77 ms (1.0x), Avg.  1.77 ms, Total. 1.768 ms (0.0%)
[Performance] InitializeOnLoad OVRProjectSetupMiscTasks                                                                                                                                                                                             :        1 samples, Peak.  1.13 ms (1.0x), Avg.  1.13 ms, Total. 1.126 ms (0.0%)
[Performance] InitializeOnLoad OVRSceneOpen                                                                                                                                                                                                         :        1 samples, Peak.   456 us (1.0x), Avg.   456 us, Total. 455.7 us (0.0%)
[Performance] InitializeOnLoad OVRProjectConfig                                                                                                                                                                                                     :        1 samples, Peak.  2.00 us (1.0x), Avg.  2.00 us, Total. 2.000 us (0.0%)
[Performance] InitializeOnLoad OVRProjectSetupPassthrough                                                                                                                                                                                           :        1 samples, Peak.  10.3 ms (1.0x), Avg.  10.3 ms, Total. 10.27 ms (0.0%)
[Performance] InitializeOnLoad MetaXRSimulatorCompatibility                                                                                                                                                                                         :        1 samples, Peak.  1.98 ms (1.0x), Avg.  1.98 ms, Total. 1.975 ms (0.0%)
[Performance] InitializeOnLoad ConsoleLinkEventHandler                                                                                                                                                                                              :        1 samples, Peak.  1.70 us (1.0x), Avg.  1.70 us, Total. 1.700 us (0.0%)
[Performance] InitializeOnLoad OculusBuildApp                                                                                                                                                                                                       :        1 samples, Peak.  8.90 us (1.0x), Avg.  8.90 us, Total. 8.900 us (0.0%)
[Performance] InitializeOnLoad OVRProjectSetupPhysicsTasks                                                                                                                                                                                          :        1 samples, Peak.  2.96 ms (1.0x), Avg.  2.96 ms, Total. 2.956 ms (0.0%)
[Performance] InitializeOnLoad OVRProjectSetupXRRuntimeTasks                                                                                                                                                                                        :        1 samples, Peak.  2.74 ms (1.0x), Avg.  2.74 ms, Total. 2.741 ms (0.0%)
[Performance] InitializeOnLoad OVREditorShutdown                                                                                                                                                                                                    :        1 samples, Peak.   158 us (1.0x), Avg.   158 us, Total. 157.7 us (0.0%)
[Performance] InitializeOnLoad OVRPluginInfoOpenXR                                                                                                                                                                                                  :        1 samples, Peak.  1.30 us (1.0x), Avg.  1.30 us, Total. 1.300 us (0.0%)
[Performance] InitializeOnLoad OVRProjectSetupCompatibilityTasks                                                                                                                                                                                    :        1 samples, Peak.  3.11 ms (1.0x), Avg.  3.11 ms, Total. 3.112 ms (0.0%)
[Performance] InitializeOnLoad OVRProjectSetupEntitlementTasks                                                                                                                                                                                      :        1 samples, Peak.  4.06 ms (1.0x), Avg.  4.06 ms, Total. 4.057 ms (0.0%)
[Performance] InitializeOnLoad PackageList                                                                                                                                                                                                          :        2 samples, Peak.   103 us (2.0x), Avg.  52.8 us, Total. 105.7 us (0.0%)
[Performance] InitializeOnLoad Utils                                                                                                                                                                                                                :        4 samples, Peak.  1.90 ms (2.0x), Avg.   973 us, Total. 3.893 ms (0.0%)
[Performance] InitializeOnLoad OVRProjectSetupSceneTasks                                                                                                                                                                                            :        1 samples, Peak.   842 us (1.0x), Avg.   842 us, Total. 841.7 us (0.0%)
[Performance] InitializeOnLoad Toolbar                                                                                                                                                                                                              :        1 samples, Peak.  2.07 ms (1.0x), Avg.  2.07 ms, Total. 2.070 ms (0.0%)
[Performance] InitializeOnLoad Manager                                                                                                                                                                                                              :        1 samples, Peak.  3.06 ms (1.0x), Avg.  3.06 ms, Total. 3.062 ms (0.0%)
[Performance] InitializeOnLoad CoreStatsIntegration                                                                                                                                                                                                 :        1 samples, Peak.   386 us (1.0x), Avg.   386 us, Total. 386.3 us (0.0%)
[Performance] InitializeOnLoad MetaXRAudioSettings                                                                                                                                                                                                  :        1 samples, Peak.  6.30 us (1.0x), Avg.  6.30 us, Total. 6.300 us (0.0%)
[Performance] InitializeOnLoad EditorTelemetry                                                                                                                                                                                                      :        1 samples, Peak.   680 us (1.0x), Avg.   680 us, Total. 680.1 us (0.0%)
[Performance] InitializeOnLoad WitUnderstandingViewerVoiceServiceAPI                                                                                                                                                                                :        1 samples, Peak.   388 us (1.0x), Avg.   388 us, Total. 388.2 us (0.0%)
[Performance] InitializeOnLoad WitConfigurationEditor                                                                                                                                                                                               :        1 samples, Peak.  6.72 ms (1.0x), Avg.  6.72 ms, Total. 6.724 ms (0.0%)
[Performance] InitializeOnLoad NotificationsScheduler                                                                                                                                                                                               :        1 samples, Peak.   279 us (1.0x), Avg.   279 us, Total. 279.4 us (0.0%)
[Performance] InitializeOnLoad CameraRigSetupRules                                                                                                                                                                                                  :        1 samples, Peak.  2.02 ms (1.0x), Avg.  2.02 ms, Total. 2.022 ms (0.0%)
[Performance] InitializeOnLoad SetupRules                                                                                                                                                                                                           :        1 samples, Peak.  7.17 ms (1.0x), Avg.  7.17 ms, Total. 7.166 ms (0.0%)
[Performance] InitializeOnLoad SharedSpatialAnchorCoreSetupRules                                                                                                                                                                                    :        1 samples, Peak.  1.16 ms (1.0x), Avg.  1.16 ms, Total. 1.157 ms (0.0%)
[Performance] InitializeOnLoad SpatialAudioSetupRules                                                                                                                                                                                               :        1 samples, Peak.  6.32 ms (1.0x), Avg.  6.32 ms, Total. 6.320 ms (0.0%)
[Performance] InitializeOnLoad CustomTagBehaviors                                                                                                                                                                                                   :        1 samples, Peak.  25.4 ms (1.0x), Avg.  25.4 ms, Total. 25.40 ms (0.1%)
[Performance] InitializeOnLoad VoiceSDKConfigurationSetupRules                                                                                                                                                                                      :        1 samples, Peak.   619 us (1.0x), Avg.   619 us, Total. 618.6 us (0.0%)
[Performance] InitializeOnLoad CustomHierarchyIcon                                                                                                                                                                                                  :        1 samples, Peak.   163 us (1.0x), Avg.   163 us, Total. 162.7 us (0.0%)
[Performance] InitializeOnLoad RoomMeshRules                                                                                                                                                                                                        :        1 samples, Peak.  4.28 ms (1.0x), Avg.  4.28 ms, Total. 4.284 ms (0.0%)
[Performance] InitializeOnLoad HandTrackingSetupRules                                                                                                                                                                                               :        1 samples, Peak.  1.76 ms (1.0x), Avg.  1.76 ms, Total. 1.761 ms (0.0%)
[Performance] InitializeOnLoad SpatialAnchorCoreSetupRules                                                                                                                                                                                          :        1 samples, Peak.   796 us (1.0x), Avg.   796 us, Total. 796.4 us (0.0%)
[Performance] InitializeOnLoad PassthroughBuildingBlockRules                                                                                                                                                                                        :        1 samples, Peak.   734 us (1.0x), Avg.   734 us, Total. 734.1 us (0.0%)
[Performance] InitializeOnLoad SceneListener                                                                                                                                                                                                        :        1 samples, Peak.   930 us (1.0x), Avg.   930 us, Total. 930.4 us (0.0%)
[Performance] InitializeOnLoad BlocksContentManager                                                                                                                                                                                                 :        1 samples, Peak.  1.70 us (1.0x), Avg.  1.70 us, Total. 1.700 us (0.0%)
[Performance] InitializeOnLoad PassthroughCameraAccessProjectSetup                                                                                                                                                                                  :        1 samples, Peak.   791 us (1.0x), Avg.   791 us, Total. 790.8 us (0.0%)
[Performance] InitializeOnLoad OVRProjectSetupMRUK                                                                                                                                                                                                  :        1 samples, Peak.  1.21 ms (1.0x), Avg.  1.21 ms, Total. 1.210 ms (0.0%)
[Performance] InitializeOnLoad BackgroundWatcher                                                                                                                                                                                                    :        1 samples, Peak.   263 us (1.0x), Avg.   263 us, Total. 263.4 us (0.0%)
[Performance] InitializeOnLoad UnityTestProtocolStarter                                                                                                                                                                                             :        1 samples, Peak.   422 us (1.0x), Avg.   422 us, Total. 421.6 us (0.0%)
[Performance] InitializeOnLoad TestStarter                                                                                                                                                                                                          :        1 samples, Peak.   976 us (1.0x), Avg.   976 us, Total. 975.7 us (0.0%)
[Performance] InitializeOnLoad RerunCallbackInitializer                                                                                                                                                                                             :        1 samples, Peak.  7.04 ms (1.0x), Avg.  7.04 ms, Total. 7.037 ms (0.0%)
[Performance] InitializeOnLoad AIBlocksSetupRules                                                                                                                                                                                                   :        1 samples, Peak.  2.47 ms (1.0x), Avg.  2.47 ms, Total. 2.470 ms (0.0%)
[Performance] InitializeOnLoad RemoteProviderProfileRegistry                                                                                                                                                                                        :        1 samples, Peak.  26.6 ms (1.0x), Avg.  26.6 ms, Total. 26.57 ms (0.1%)
[Performance] InitializeOnLoad InteractionAutoWiring                                                                                                                                                                                                :        1 samples, Peak.  6.08 ms (1.0x), Avg.  6.08 ms, Total. 6.084 ms (0.0%)
[Performance] InitializeOnLoad PackageUpgradeOpenXR                                                                                                                                                                                                 :        1 samples, Peak.  8.60 us (1.0x), Avg.  8.60 us, Total. 8.600 us (0.0%)
[Performance] InitializeOnLoad AutoWiring                                                                                                                                                                                                           :        1 samples, Peak.   400 ns (1.0x), Avg.   400 ns, Total. 400.0 ns (0.0%)
[Performance] InitializeOnLoad UnityObjectAddedBroadcaster                                                                                                                                                                                          :        1 samples, Peak.   200 ns (1.0x), Avg.   200 ns, Total. 200.0 ns (0.0%)
[Performance] InitializeOnLoad PluginUpdater                                                                                                                                                                                                        :        1 samples, Peak.   257 us (1.0x), Avg.   257 us, Total. 256.7 us (0.0%)
[Performance] InitializeOnLoad ISDKBlocksRules                                                                                                                                                                                                      :        1 samples, Peak.   137 us (1.0x), Avg.   137 us, Total. 137.1 us (0.0%)
[Performance] InitializeOnLoad ProjectSetupTasks                                                                                                                                                                                                    :        1 samples, Peak.  1.33 ms (1.0x), Avg.  1.33 ms, Total. 1.329 ms (0.0%)
[Performance] InitializeOnLoad OVRAutoWiring                                                                                                                                                                                                        :        1 samples, Peak.   601 us (1.0x), Avg.   601 us, Total. 601.0 us (0.0%)
[Performance] InitializeOnLoad VSCodeScriptEditor                                                                                                                                                                                                   :        1 samples, Peak.  15.9 ms (1.0x), Avg.  15.9 ms, Total. 15.94 ms (0.1%)
[Performance] InitializeOnLoad ColocationSessionSetupRules                                                                                                                                                                                          :        1 samples, Peak.  4.15 ms (1.0x), Avg.  4.15 ms, Total. 4.152 ms (0.0%)
[Performance] InitializeOnLoad MetaXRAudioPluginUpdater                                                                                                                                                                                             :        1 samples, Peak.  2.72 ms (1.0x), Avg.  2.72 ms, Total. 2.723 ms (0.0%)
[Performance] InitializeOnLoad MetaXRAcousticMapEditor                                                                                                                                                                                              :        1 samples, Peak.   110 us (1.0x), Avg.   110 us, Total. 110.0 us (0.0%)
[Performance] InitializeOnLoad PlasticPlugin                                                                                                                                                                                                        :        1 samples, Peak.  21.4 ms (1.0x), Avg.  21.4 ms, Total. 21.41 ms (0.1%)
[Performance] InitializeOnLoad ToolbarBootstrap                                                                                                                                                                                                     :        1 samples, Peak.   504 ms (1.0x), Avg.   504 ms, Total. 504.4 ms (1.7%)
[Performance] Package.AsyncRequest                                                                                                                                                                                                                  :        9 samples, Peak.  3.87 ms (2.9x), Avg.  1.33 ms, Total. 11.98 ms (0.0%)
[Performance] InitializeOnLoad VisualStudioEditor                                                                                                                                                                                                   :        1 samples, Peak.  14.5 ms (1.0x), Avg.  14.5 ms, Total. 14.47 ms (0.1%)
[Performance] InitializeOnLoad TestRunnerApiListener                                                                                                                                                                                                :        1 samples, Peak.  1.86 ms (1.0x), Avg.  1.86 ms, Total. 1.863 ms (0.0%)
[Performance] InitializeOnLoad VisualStudioIntegration                                                                                                                                                                                              :        1 samples, Peak.  3.70 ms (1.0x), Avg.  3.70 ms, Total. 3.697 ms (0.0%)
[Performance] InitializeOnLoad AnalyticsImporter                                                                                                                                                                                                    :        1 samples, Peak.  3.88 ms (1.0x), Avg.  3.88 ms, Total. 3.877 ms (0.0%)
[Performance] InitializeOnLoad AnalyticsEventTrackerEditorCallbacks                                                                                                                                                                                 :        1 samples, Peak.   931 us (1.0x), Avg.   931 us, Total. 931.1 us (0.0%)
[Performance] InitializeOnLoad ProjectSetupDepthAPI                                                                                                                                                                                                 :        1 samples, Peak.  7.60 ms (1.0x), Avg.  7.60 ms, Total. 7.604 ms (0.0%)
[Performance] InitializeOnLoad ToolbarItem                                                                                                                                                                                                          :        1 samples, Peak.  1.62 ms (1.0x), Avg.  1.62 ms, Total. 1.618 ms (0.0%)
[Performance] InitializeOnLoad XRSimPlayModeHandler                                                                                                                                                                                                 :        1 samples, Peak.   154 us (1.0x), Avg.   154 us, Total. 153.9 us (0.0%)
[Performance] InitializeOnLoad LearnGuide                                                                                                                                                                                                           :        1 samples, Peak.  35.1 ms (1.0x), Avg.  35.1 ms, Total. 35.12 ms (0.1%)
[Performance] InitializeOnLoad About                                                                                                                                                                                                                :        1 samples, Peak.   742 us (1.0x), Avg.   742 us, Total. 742.1 us (0.0%)
[Performance] InitializeOnLoad PhotonVoiceCustomPackageDependency                                                                                                                                                                                   :        1 samples, Peak.  1.54 ms (1.0x), Avg.  1.54 ms, Total. 1.537 ms (0.0%)
[Performance] InitializeOnLoad PhotonPackagesImportProcessor                                                                                                                                                                                        :        1 samples, Peak.  6.02 ms (1.0x), Avg.  6.02 ms, Total. 6.024 ms (0.0%)
[Performance] InitializeOnLoad FusionCustomPackageDependency                                                                                                                                                                                        :        1 samples, Peak.   532 us (1.0x), Avg.   532 us, Total. 532.5 us (0.0%)
[Performance] InitializeOnLoad RiderScriptEditor                                                                                                                                                                                                    :        1 samples, Peak.  11.4 ms (1.0x), Avg.  11.4 ms, Total. 11.35 ms (0.0%)
[Performance] InitializeOnLoad CallbackInitializer                                                                                                                                                                                                  :        1 samples, Peak.  4.46 ms (1.0x), Avg.  4.46 ms, Total. 4.461 ms (0.0%)
[Performance] InitializeOnLoad SpriteEditorWindow                                                                                                                                                                                                   :        1 samples, Peak.  1.29 ms (1.0x), Avg.  1.29 ms, Total. 1.293 ms (0.0%)
[Performance] InitializeOnLoad OVRProjectSetupMovementSDKConfigurationTasks                                                                                                                                                                         :        1 samples, Peak.  3.55 ms (1.0x), Avg.  3.55 ms, Total. 3.547 ms (0.0%)
[Performance] InitializeOnLoad AssetLibrarySession                                                                                                                                                                                                  :        1 samples, Peak.  12.3 ms (1.0x), Avg.  12.3 ms, Total. 12.32 ms (0.0%)
[Performance] InitializeOnLoad VoiceSDKVersion                                                                                                                                                                                                      :        1 samples, Peak.  2.13 ms (1.0x), Avg.  2.13 ms, Total. 2.132 ms (0.0%)
[Performance] InitializeOnLoad XRHandCaptureEditorCallbacks                                                                                                                                                                                         :        1 samples, Peak.   392 us (1.0x), Avg.   392 us, Total. 392.0 us (0.0%)
[Performance] InitializeOnLoad RuntimeOptimizer                                                                                                                                                                                                     :        1 samples, Peak.   646 us (1.0x), Avg.   646 us, Total. 646.0 us (0.0%)
[Performance] InitializeOnLoad NavigationWindow                                                                                                                                                                                                     :        1 samples, Peak.  1.19 ms (1.0x), Avg.  1.19 ms, Total. 1.187 ms (0.0%)
[Performance] InitializeOnLoad Settings                                                                                                                                                                                                             :        1 samples, Peak.   405 us (1.0x), Avg.   405 us, Total. 405.3 us (0.0%)
[Performance] InitializeOnLoad PopupDisplayer                                                                                                                                                                                                       :        1 samples, Peak.   209 us (1.0x), Avg.   209 us, Total. 208.9 us (0.0%)
[Performance] InitializeOnLoad SceneViewGridManager.Initialize                                                                                                                                                                                      :        1 samples, Peak.  13.0 ms (1.0x), Avg.  13.0 ms, Total. 13.00 ms (0.0%)
[Performance] InitializeOnLoad TilemapPrefabStageHelper.Initialize                                                                                                                                                                                  :        1 samples, Peak.  4.58 ms (1.0x), Avg.  4.58 ms, Total. 4.575 ms (0.0%)
[Performance] InitializeOnLoad SceneViewOpenTilePaletteHelper.Initialize                                                                                                                                                                            :        1 samples, Peak.  4.06 ms (1.0x), Avg.  4.06 ms, Total. 4.058 ms (0.0%)
[Performance] InitializeOnLoad TileDragAndDropManager.Initialize                                                                                                                                                                                    :        1 samples, Peak.  2.93 ms (1.0x), Avg.  2.93 ms, Total. 2.928 ms (0.0%)
[Performance] InitializeOnLoad EditorGameServiceRegistry.RegisterAllServices                                                                                                                                                                        :        1 samples, Peak.  17.3 ms (1.0x), Avg.  17.3 ms, Total. 17.33 ms (0.1%)
[Performance] InitializeOnLoad ActionSchedulerCleaner.RegisterSchedulerCleaner                                                                                                                                                                      :        1 samples, Peak.   243 us (1.0x), Avg.   243 us, Total. 243.4 us (0.0%)
[Performance] InitializeOnLoad ServiceInstallationListener.RegisterToEvents                                                                                                                                                                         :        1 samples, Peak.   832 us (1.0x), Avg.   832 us, Total. 831.6 us (0.0%)
[Performance] InitializeOnLoad CoreUtilsAnalytics.RegisterEvents                                                                                                                                                                                    :        1 samples, Peak.   885 us (1.0x), Avg.   885 us, Total. 884.7 us (0.0%)
[Performance] InitializeOnLoad CompilationProcessor.OnLoad                                                                                                                                                                                          :        1 samples, Peak.   691 us (1.0x), Avg.   691 us, Total. 690.5 us (0.0%)
[Performance] InitializeOnLoad SampleMetadata.OnScriptReloaded                                                                                                                                                                                      :        1 samples, Peak.   216 us (1.0x), Avg.   216 us, Total. 216.0 us (0.0%)
[Performance] InitializeOnLoad RuntimeSettings.RegisterPlaymodeListener                                                                                                                                                                             :        1 samples, Peak.   125 us (1.0x), Avg.   125 us, Total. 124.7 us (0.0%)
[Performance] InitializeOnLoad AssemblyParser.OnLoad                                                                                                                                                                                                :        1 samples, Peak.   785 us (1.0x), Avg.   785 us, Total. 784.6 us (0.0%)
[Performance] InitializeOnLoad VisualStudioEditor.LegacyVisualStudioCodePackageDisabler                                                                                                                                                             :        1 samples, Peak.  3.05 ms (1.0x), Avg.  3.05 ms, Total. 3.050 ms (0.0%)
[Performance] InitializeOnLoad OVROpenXRUpgradeHandler.Init                                                                                                                                                                                         :        1 samples, Peak.   261 us (1.0x), Avg.   261 us, Total. 261.3 us (0.0%)
[Performance] InitializeOnLoad CredentialAutoRegistrar.Init                                                                                                                                                                                         :        1 samples, Peak.   194 us (1.0x), Avg.   194 us, Total. 194.2 us (0.0%)
[Performance] InitializeOnLoad EngineStateHelper.Init                                                                                                                                                                                               :        1 samples, Peak.   216 us (1.0x), Avg.   216 us, Total. 216.1 us (0.0%)
[Performance] InitializeOnLoad ThreadHelper.Init                                                                                                                                                                                                    :        1 samples, Peak.   361 us (1.0x), Avg.   361 us, Total. 360.6 us (0.0%)
[Performance] InitializeOnLoad TestJobDataHolder.ResumeRunningJobs                                                                                                                                                                                  :        1 samples, Peak.  4.47 ms (1.0x), Avg.  4.47 ms, Total. 4.465 ms (0.0%)
[Performance] InitializeOnLoad AnalyticsReporter.RegisterCallbacks                                                                                                                                                                                  :        1 samples, Peak.  1.56 ms (1.0x), Avg.  1.56 ms, Total. 1.560 ms (0.0%)
[Performance] InitializeOnLoad UnityThreadUtils.CaptureUnityThreadInfo                                                                                                                                                                              :        1 samples, Peak.   574 us (1.0x), Avg.   574 us, Total. 574.1 us (0.0%)
[Performance] DidReloadScriptsAdvancedDropdownWindow.OnScriptReload                                                                                                                                                                                 :        2 samples, Peak.   345 us (1.1x), Avg.   328 us, Total. 655.1 us (0.0%)
[Performance] DidReloadScriptsConduitManifestGenerationManager.OnScriptsReloaded                                                                                                                                                                    :        1 samples, Peak.   681 us (1.0x), Avg.   681 us, Total. 680.6 us (0.0%)
[Performance] DidReloadScriptsPackageVersionUtility.OnReloadScripts                                                                                                                                                                                 :        1 samples, Peak.  99.9 us (1.0x), Avg.  99.9 us, Total. 99.90 us (0.0%)
[Performance] DidReloadScriptsCompilationProcessor.OnScriptsReloaded                                                                                                                                                                                :        1 samples, Peak.  44.8 us (1.0x), Avg.  44.8 us, Total. 44.80 us (0.0%)
[Performance] DidReloadScriptsOVRManager.ScriptsReloaded                                                                                                                                                                                            :        1 samples, Peak.  19.8 us (1.0x), Avg.  19.8 us, Total. 19.80 us (0.0%)
[Performance] DidReloadScriptsTestRunnerWindow.CompilationCallback                                                                                                                                                                                  :        1 samples, Peak.   160 us (1.0x), Avg.   160 us, Total. 159.5 us (0.0%)
[Performance] DidReloadScriptsTestListCache.ScriptReloaded                                                                                                                                                                                          :        1 samples, Peak.  2.13 ms (1.0x), Avg.  2.13 ms, Total. 2.132 ms (0.0%)
[Performance] AssemblyReloadEvents.afterAssemblyReload: UnityEditor.XR.Management.Metadata.XRPackageMetadataStore.AssemblyReloadEvents_afterAssemblyReload                                                                                          :        1 samples, Peak.  5.88 ms (1.0x), Avg.  5.88 ms, Total. 5.876 ms (0.0%)
[Performance] AssetDatabase.ImportAssets                                                                                                                                                                                                            :        3 samples, Peak.  1.60 us (2.2x), Avg.   733 ns, Total. 2.200 us (0.0%)
[Performance] VersionControl.Task.Wait                                                                                                                                                                                                              :        1 samples, Peak.  28.8 us (1.0x), Avg.  28.8 us, Total. 28.80 us (0.0%)
[Performance] WitConfigurationPostprocessor.OnPostprocessAllAssets                                                                                                                                                                                  :        2 samples, Peak.   770 us (1.3x), Avg.   601 us, Total. 1.202 ms (0.0%)
[Performance] AssetPostProcessor.OnPostprocessAllAssets                                                                                                                                                                                             :        4 samples, Peak.   414 ms (2.0x), Avg.   208 ms, Total. 830.9 ms (2.9%)
[Performance] SceneRenameHandler.OnPostprocessAllAssets                                                                                                                                                                                             :        2 samples, Peak.   478 us (1.0x), Avg.   473 us, Total. 946.2 us (0.0%)
[Performance] TMPro_TexturePostProcessor.OnPostprocessAllAssets                                                                                                                                                                                     :        2 samples, Peak.   706 us (1.0x), Avg.   702 us, Total. 1.403 ms (0.0%)
[Performance] AssetPostprocessor.OnPostprocessAllAssets                                                                                                                                                                                             :        2 samples, Peak.   568 us (1.0x), Avg.   564 us, Total. 1.129 ms (0.0%)
[Performance] BuilderAssetPostprocessor.OnPostprocessAllAssets                                                                                                                                                                                      :        2 samples, Peak.  6.97 ms (1.0x), Avg.  6.96 ms, Total. 13.92 ms (0.0%)
[Performance] ArtifactBrowserPostProcessor.OnPostprocessAllAssets                                                                                                                                                                                   :        2 samples, Peak.  1.26 ms (1.0x), Avg.  1.25 ms, Total. 2.498 ms (0.0%)
[Performance] AssetEvents.OnPostprocessAllAssets                                                                                                                                                                                                    :        4 samples, Peak.   335 us (1.2x), Avg.   289 us, Total. 1.155 ms (0.0%)
[Performance] AudioMixerPostprocessor.OnPostprocessAllAssets                                                                                                                                                                                        :        2 samples, Peak.   708 us (1.0x), Avg.   704 us, Total. 1.407 ms (0.0%)
[Performance] StyleCatalogPostProcessor.OnPostprocessAllAssets                                                                                                                                                                                      :        2 samples, Peak.  37.4 ms (1.0x), Avg.  37.4 ms, Total. 74.80 ms (0.3%)
[Performance] BuildCatalog                                                                                                                                                                                                                          :        1 samples, Peak.  36.0 ms (1.0x), Avg.  36.0 ms, Total. 35.99 ms (0.1%)
[Performance] ModelImporterPostProcessor.OnPostprocessAllAssets                                                                                                                                                                                     :        2 samples, Peak.  1.58 ms (1.0x), Avg.  1.57 ms, Total. 3.149 ms (0.0%)
[Performance] RetainedModeAssetPostprocessor.OnPostprocessAllAssets                                                                                                                                                                                 :        2 samples, Peak.  3.13 ms (1.0x), Avg.  3.13 ms, Total. 6.250 ms (0.0%)
[Performance] AssetChangedListener.OnPostprocessAllAssets                                                                                                                                                                                           :        2 samples, Peak.  1.89 ms (1.0x), Avg.  1.89 ms, Total. 3.779 ms (0.0%)
[Performance] SpeedTreePostProcessor.OnPostprocessAllAssets                                                                                                                                                                                         :        2 samples, Peak.   739 us (1.0x), Avg.   734 us, Total. 1.468 ms (0.0%)
[Performance] TextAssetPostProcessor.OnPostprocessAllAssets                                                                                                                                                                                         :        2 samples, Peak.  1.24 ms (1.0x), Avg.  1.23 ms, Total. 2.464 ms (0.0%)
[Performance] AssetProcessor.OnPostprocessAllAssets                                                                                                                                                                                                 :        6 samples, Peak.  2.27 ms (1.4x), Avg.  1.57 ms, Total. 9.411 ms (0.0%)
[Performance] SpriteEditorTexturePostprocessor.OnPostprocessAllAssets                                                                                                                                                                               :        2 samples, Peak.   361 us (1.0x), Avg.   359 us, Total. 717.2 us (0.0%)
[Performance] AssetCallbacks.OnPostprocessAllAssets                                                                                                                                                                                                 :        2 samples, Peak.   143 ms (1.0x), Avg.   143 ms, Total. 285.9 ms (1.0%)
[Performance] SyncVS.PostprocessSyncProject                                                                                                                                                                                                         :        1 samples, Peak.  6.52 ms (1.0x), Avg.  6.52 ms, Total. 6.525 ms (0.0%)
[Performance] EditorApplication.projectChanged: UnityEditor.Audio.MixerEffectDefinitionReloader.OnProjectChanged                                                                                                                                    :        1 samples, Peak.   514 us (1.0x), Avg.   514 us, Total. 513.9 us (0.0%)
[Performance] EditorApplication.projectChanged: UnityEngine.InputSystem.LowLevel.NativeInputRuntime.OnProjectChanged                                                                                                                                :        1 samples, Peak.   308 us (1.0x), Avg.   308 us, Total. 307.9 us (0.0%)
[Performance] EditorApplication.projectChanged: Meta.XR.BuildingBlocks.Editor.CachedIdDictionary`1[[Meta.XR.BuildingBlocks.Editor.BlockBaseData, Meta.XR.BuildingBlocks.Editor, Version=0.0.0.0, Culture=neutral, PublicKeyToken=null]].MarkAsDirty :        1 samples, Peak.  39.0 us (1.0x), Avg.  39.0 us, Total. 39.00 us (0.0%)
[Performance] EditorApplication.projectChanged: callback in Meta.XR.Editor.BuildingBlocks.AIBlocks.AIBlocksSetupRules                                                                                                                               :        1 samples, Peak.  42.0 us (1.0x), Avg.  42.0 us, Total. 42.00 us (0.0%)
[Performance] EditorApplication.projectChanged: Meta.XR.BuildingBlocks.AIBlocks.CredentialAutoRegistrar.OnProjectChanged                                                                                                                            :        1 samples, Peak.   127 us (1.0x), Avg.   127 us, Total. 126.7 us (0.0%)
[Performance] Application.ImportPackagesAndSetTemplateWhenCreatingProject                                                                                                                                                                           :        1 samples, Peak.  29.9 ms (1.0x), Avg.  29.9 ms, Total. 29.92 ms (0.1%)
[Performance] Application.SyncCurrentColorSpace                                                                                                                                                                                                     :        1 samples, Peak.   260 ms (1.0x), Avg.   260 ms, Total. 260.1 ms (0.9%)
[Performance] Application.OnUsbDevicesChanged                                                                                                                                                                                                       :        1 samples, Peak.  1.47 ms (1.0x), Avg.  1.47 ms, Total. 1.470 ms (0.0%)
[Performance] Application.AssetInstanceCacheUpdate                                                                                                                                                                                                  :        1 samples, Peak.   300 ns (1.0x), Avg.   300 ns, Total. 300.0 ns (0.0%)
[Performance] Application.UnityExtensions.Initialize                                                                                                                                                                                                :        1 samples, Peak.  7.03 ms (1.0x), Avg.  7.03 ms, Total. 7.030 ms (0.0%)
[Performance] CodeEditorProjectSync.SyncEditorProject                                                                                                                                                                                               :        1 samples, Peak.   330 ms (1.0x), Avg.   330 ms, Total. 330.4 ms (1.1%)
[Performance] Application.ExecuteStartups                                                                                                                                                                                                           :        1 samples, Peak.   102 ms (1.0x), Avg.   102 ms, Total. 101.8 ms (0.4%)
[Performance] Menu.RegisterMenuInterface                                                                                                                                                                                                            :       26 samples, Peak.  2.30 us (8.2x), Avg.   281 ns, Total. 7.300 us (0.0%)
[Performance] Gizmo.RebuildRenderers                                                                                                                                                                                                                :        1 samples, Peak.   100 ms (1.0x), Avg.   100 ms, Total. 100.1 ms (0.3%)
[Performance] Gizmo.AddGizmoRenderers                                                                                                                                                                                                               :      177 samples, Peak.  2.59 ms (94.7x), Avg.  27.3 us, Total. 4.836 ms (0.0%)
[Performance] Application.editorInitializingProject                                                                                                                                                                                                 :        1 samples, Peak.   333 ms (1.0x), Avg.   333 ms, Total. 332.6 ms (1.2%)
[Performance] Application.InitializeMenu                                                                                                                                                                                                            :        1 samples, Peak.  1.92 s (1.0x), Avg.  1.92 s, Total. 1.922 s (6.7%)
[Performance] Menu.RebuildAll                                                                                                                                                                                                                       :        1 samples, Peak.  1.92 s (1.0x), Avg.  1.92 s, Total. 1.922 s (6.7%)
[Performance] Menu.BuildRegisteredMenuInterfaces                                                                                                                                                                                                    :        1 samples, Peak.  1.91 s (1.0x), Avg.  1.91 s, Total. 1.913 s (6.6%)
[Performance] Menu.FilterMenuItem                                                                                                                                                                                                                   :     1379 samples, Peak.  26.9 ms (1312.7x), Avg.  20.5 us, Total. 28.26 ms (0.1%)
[Performance] UpdateAllMenus                                                                                                                                                                                                                        :        1 samples, Peak.  1.73 ms (1.0x), Avg.  1.73 ms, Total. 1.733 ms (0.0%)
[Performance] Menu.RebuildOSMainMenu                                                                                                                                                                                                                :        2 samples, Peak.  6.62 ms (1.0x), Avg.  6.45 ms, Total. 12.91 ms (0.0%)
[Performance] EditorSceneManager.sceneClosing: UnityEditor.SceneVisibilityManager.EditorSceneManagerOnSceneClosing                                                                                                                                  :        2 samples, Peak.   478 us (2.0x), Avg.   242 us, Total. 483.6 us (0.0%)
[Performance] EditorSceneManager.sceneClosed: OVRSceneOpen.OnSceneClosed                                                                                                                                                                            :        2 samples, Peak.  1.02 ms (2.0x), Avg.   515 us, Total. 1.030 ms (0.0%)
[Performance] GUIView.RepaintAll.PlayerLoopController                                                                                                                                                                                               :        1 samples, Peak.  1.30 us (1.0x), Avg.  1.30 us, Total. 1.300 us (0.0%)
[Performance] EditorSceneManager.newSceneCreated: UnityEditor.SceneTemplate.SceneTemplateService.OnNewSceneCreated                                                                                                                                  :        1 samples, Peak.   295 us (1.0x), Avg.   295 us, Total. 294.9 us (0.0%)
[Performance] EditorSceneManager.newSceneCreated: UnityEditor.SceneVisibilityManager.EditorSceneManagerOnNewSceneCreated                                                                                                                            :        1 samples, Peak.   308 us (1.0x), Avg.   308 us, Total. 308.1 us (0.0%)
[Performance] EditorSceneManager.newSceneCreated: UnityEditor.SceneManagement.StageNavigationManager.OnNewSceneCreated                                                                                                                              :        1 samples, Peak.  63.9 us (1.0x), Avg.  63.9 us, Total. 63.90 us (0.0%)
[Performance] Application.InvokeFinishedLoadingProject                                                                                                                                                                                              :        1 samples, Peak.  20.1 ms (1.0x), Avg.  20.1 ms, Total. 20.11 ms (0.1%)
[Performance] ProcessService.OnProjectLoaded                                                                                                                                                                                                        :        1 samples, Peak.  69.3 us (1.0x), Avg.  69.3 us, Total. 69.30 us (0.0%)
[Performance] EditorSceneManager.sceneOpening: UnityEditor.SceneVisibilityManager.EditorSceneManagerOnSceneOpening                                                                                                                                  :        1 samples, Peak.   301 us (1.0x), Avg.   301 us, Total. 301.0 us (0.0%)
[Performance] Inspector.InitOrRebuild                                                                                                                                                                                                               :        1 samples, Peak.   885 us (1.0x), Avg.   885 us, Total. 884.5 us (0.0%)
[Performance] EditorSceneManager.sceneOpened: OVRProjectSetupUpdater.OnEditorSceneManagerSceneOpened                                                                                                                                                :        1 samples, Peak.  4.59 ms (1.0x), Avg.  4.59 ms, Total. 4.589 ms (0.0%)
[Performance] EditorSceneManager.sceneOpened: OVRSceneOpen.OnSceneOpened                                                                                                                                                                            :        1 samples, Peak.  4.25 ms (1.0x), Avg.  4.25 ms, Total. 4.247 ms (0.0%)
[Performance] EditorSceneManager.sceneOpened: Meta.XR.BuildingBlocks.Editor.SceneListener.OnSceneOpened                                                                                                                                             :        1 samples, Peak.  32.0 us (1.0x), Avg.  32.0 us, Total. 32.00 us (0.0%)
[Performance] EditorSceneManager.sceneOpened: callback in Oculus.Interaction.Editor.UnityObjectAddedBroadcaster                                                                                                                                     :        1 samples, Peak.  1.87 ms (1.0x), Avg.  1.87 ms, Total. 1.872 ms (0.0%)
[Performance] EditorSceneManager.sceneOpened: MetaXRAcousticMapEditor.OnSceneOpened                                                                                                                                                                 :        1 samples, Peak.  1.37 ms (1.0x), Avg.  1.37 ms, Total. 1.367 ms (0.0%)
[Performance] EditorSceneManager.sceneOpened: UnityEditor.SceneTemplate.SceneTemplateService.OnSceneOpened                                                                                                                                          :        1 samples, Peak.   341 us (1.0x), Avg.   341 us, Total. 341.1 us (0.0%)
[Performance] EditorSceneManager.sceneOpened: UnityEditor.SceneVisibilityManager.EditorSceneManagerOnSceneOpened                                                                                                                                    :        1 samples, Peak.   224 us (1.0x), Avg.   224 us, Total. 224.1 us (0.0%)
[Performance] EditorSceneManager.sceneOpened: UnityEditor.SceneManagement.StageNavigationManager.OnSceneOpened                                                                                                                                      :        1 samples, Peak.   109 us (1.0x), Avg.   109 us, Total. 108.7 us (0.0%)
[Performance] SceneDataContainer.TransformHierarchyChangedSetParentCallback                                                                                                                                                                         :       12 samples, Peak.   177 us (11.3x), Avg.  15.7 us, Total. 187.8 us (0.0%)
[Performance] SceneVisibilityState.IsFlagSetInParents                                                                                                                                                                                               :       12 samples, Peak.  2.60 us (3.5x), Avg.   733 ns, Total. 8.800 us (0.0%)
[Performance] EditorApplication.quitting: Meta.XR.Samples.Editor.SampleMetadataTelemetry.OnEditorQuitting                                                                                                                                           :        1 samples, Peak.   224 ms (1.0x), Avg.   224 ms, Total. 224.1 ms (0.8%)
[Performance] EditorApplication.quitting: OVREditorShutdown.OnEditorShutdown                                                                                                                                                                        :        1 samples, Peak.   351 ms (1.0x), Avg.   351 ms, Total. 350.9 ms (1.2%)
[Performance] EditorApplication.quitting: Meta.XR.Editor.PlayCompanion.Manager.OnEditorQuitting                                                                                                                                                     :        1 samples, Peak.   975 us (1.0x), Avg.   975 us, Total. 975.2 us (0.0%)
[Performance] EditorApplication.quitting: Meta.Voice.TelemetryUtilities.EditorTelemetry.OnUnityEditorQuitting                                                                                                                                       :        1 samples, Peak.  2.63 ms (1.0x), Avg.  2.63 ms, Total. 2.632 ms (0.0%)
[Performance] EditorApplication.quitting: UnityEditor.Tilemaps.SceneViewGridManager.EditorQuitting                                                                                                                                                  :        1 samples, Peak.   184 us (1.0x), Avg.   184 us, Total. 183.6 us (0.0%)
[Performance] EditorApplication.quitting: callback in UnityEditor.TextCore.Text.EditorEventCallbacks                                                                                                                                                :        1 samples, Peak.  20.0 ms (1.0x), Avg.  20.0 ms, Total. 19.97 ms (0.1%)
[Performance] Killing ADB server                                                                                                                                                                                                                    :        1 samples, Peak.   213 ms (1.0x), Avg.   213 ms, Total. 212.9 ms (0.7%)
[Performance] Application.Shutdown.PauseProfilerSession                                                                                                                                                                                             :        1 samples, Peak.   113 us (1.0x), Avg.   113 us, Total. 112.5 us (0.0%)
[Performance] Application.Shutdown.PauseAssetImportWorkers                                                                                                                                                                                          :        1 samples, Peak.  1.61 ms (1.0x), Avg.  1.61 ms, Total. 1.609 ms (0.0%)
[Performance] Application.Shutdown.SaveAssets                                                                                                                                                                                                       :        1 samples, Peak.  24.4 ms (1.0x), Avg.  24.4 ms, Total. 24.40 ms (0.1%)
[Performance] PaletteAssetModificationProcessor.OnWillSaveAssets                                                                                                                                                                                    :        1 samples, Peak.   387 us (1.0x), Avg.   387 us, Total. 386.7 us (0.0%)
[Performance] AssetModificationProcessor.OnWillSaveAssets                                                                                                                                                                                           :        1 samples, Peak.   488 us (1.0x), Avg.   488 us, Total. 487.6 us (0.0%)
[Performance] BuilderAssetModificationProcessor.OnWillSaveAssets                                                                                                                                                                                    :        1 samples, Peak.   733 us (1.0x), Avg.   733 us, Total. 732.6 us (0.0%)
[Performance] TerrainModificationProcessor.OnWillSaveAssets                                                                                                                                                                                         :        1 samples, Peak.  1.11 ms (1.0x), Avg.  1.11 ms, Total. 1.114 ms (0.0%)
[Performance] Application.Shutdown.CleanupRenderPipeline                                                                                                                                                                                            :        1 samples, Peak.  12.4 us (1.0x), Avg.  12.4 us, Total. 12.40 us (0.0%)
[Performance] Application.Shutdown.StopPreloadManager                                                                                                                                                                                               :        1 samples, Peak.  9.93 ms (1.0x), Avg.  9.93 ms, Total. 9.934 ms (0.0%)
[Performance] Application.Shutdown.DestroyWorld                                                                                                                                                                                                     :        1 samples, Peak.  9.77 ms (1.0x), Avg.  9.77 ms, Total. 9.772 ms (0.0%)
[Performance] Application.Shutdown.CleanupAfterLoad                                                                                                                                                                                                 :        1 samples, Peak.  9.75 ms (1.0x), Avg.  9.75 ms, Total. 9.753 ms (0.0%)
[Performance] Application.Shutdown.Progress                                                                                                                                                                                                         :        1 samples, Peak.  25.4 us (1.0x), Avg.  25.4 us, Total. 25.40 us (0.0%)
[Performance] Application.Shutdown.GICleanupManagers                                                                                                                                                                                                :        1 samples, Peak.   839 us (1.0x), Avg.   839 us, Total. 839.5 us (0.0%)
[Performance] Application.Shutdown.MenuCleanupClass                                                                                                                                                                                                 :        1 samples, Peak.   588 us (1.0x), Avg.   588 us, Total. 587.9 us (0.0%)
[Performance] Application.Shutdown.ADBSaveStateBeforeShutdown                                                                                                                                                                                       :        1 samples, Peak.  12.5 us (1.0x), Avg.  12.5 us, Total. 12.50 us (0.0%)
[Performance] Application.Shutdown.RemoteShutdown                                                                                                                                                                                                   :        1 samples, Peak.  1.50 us (1.0x), Avg.  1.50 us, Total. 1.500 us (0.0%)
[Performance] Application.Shutdown.CleanupVCProvider                                                                                                                                                                                                :        1 samples, Peak.  14.5 us (1.0x), Avg.  14.5 us, Total. 14.50 us (0.0%)
[Performance] Application.Shutdown.InputShutdown                                                                                                                                                                                                    :        1 samples, Peak.  10.1 us (1.0x), Avg.  10.1 us, Total. 10.10 us (0.0%)
[Performance] Application.Shutdown.GizmoManagerDestroy                                                                                                                                                                                              :        1 samples, Peak.  1.08 ms (1.0x), Avg.  1.08 ms, Total. 1.078 ms (0.0%)
[Performance] Application.Shutdown.ProfilerSession                                                                                                                                                                                                  :        1 samples, Peak.   286 us (1.0x), Avg.   286 us, Total. 286.4 us (0.0%)
[Performance] Application.Shutdown.ReleaseGfxWindowOnAllGUIViews                                                                                                                                                                                    :        1 samples, Peak.   600 ns (1.0x), Avg.   600 ns, Total. 600.0 ns (0.0%)
[Performance] Application.Shutdown.CleanupEngine                                                                                                                                                                                                    :        1 samples, Peak.   148 ms (1.0x), Avg.   148 ms, Total. 147.7 ms (0.5%)
[Performance] Application.Shutdown.CleanupAssetDatabase                                                                                                                                                                                             :        1 samples, Peak.  34.0 ms (1.0x), Avg.  34.0 ms, Total. 33.96 ms (0.1%)
[Performance] Application.Shutdown.ScriptCompilationCleanUp                                                                                                                                                                                         :        1 samples, Peak.  22.6 ms (1.0x), Avg.  22.6 ms, Total. 22.61 ms (0.1%)
[Performance] Application.Shutdown.DestroyJobSystem                                                                                                                                                                                                 :        1 samples, Peak.   344 us (1.0x), Avg.   344 us, Total. 344.3 us (0.0%)
[Performance] Application.Shutdown.CleanupPersistentManager                                                                                                                                                                                         :        1 samples, Peak.  3.74 ms (1.0x), Avg.  3.74 ms, Total. 3.742 ms (0.0%)
[Performance] Application.Shutdown.CleanupAsyncReadManager                                                                                                                                                                                          :        1 samples, Peak.  1.10 ms (1.0x), Avg.  1.10 ms, Total. 1.104 ms (0.0%)
[Performance] Application.Shutdown.CleanupProgressBar                                                                                                                                                                                               :        1 samples, Peak.  1.20 us (1.0x), Avg.  1.20 us, Total. 1.200 us (0.0%)
[Performance] Application.Shutdown.CleanupMono                                                                                                                                                                                                      :        1 samples, Peak.   157 ms (1.0x), Avg.   157 ms, Total. 157.4 ms (0.5%)
[Performance] Application.Shutdown.CleanupStdConverters                                                                                                                                                                                             :        1 samples, Peak.  14.2 us (1.0x), Avg.  14.2 us, Total. 14.20 us (0.0%)
[Performance] Application.Shutdown.UnloadAllPlatformSupportModuleNativeDlls                                                                                                                                                                         :        1 samples, Peak.  1.70 us (1.0x), Avg.  1.70 us, Total. 1.700 us (0.0%)
[Performance] Application.Shutdown.UnloadAllPlatformSupportNativeLibraries                                                                                                                                                                          :        1 samples, Peak.  1.10 us (1.0x), Avg.  1.10 us, Total. 1.100 us (0.0%)
[Performance] Application.Shutdown.CleanupAutoDocumentation                                                                                                                                                                                         :        1 samples, Peak.   592 us (1.0x), Avg.   592 us, Total. 592.2 us (0.0%)
[Performance] Application.Shutdown.ShaderNameManagerDestroy                                                                                                                                                                                         :        1 samples, Peak.  89.1 us (1.0x), Avg.  89.1 us, Total. 89.10 us (0.0%)
[Performance] Application.Shutdown.CleanupCacheServer                                                                                                                                                                                               :        1 samples, Peak.   400 ns (1.0x), Avg.   400 ns, Total. 400.0 ns (0.0%)
[Performance] Application.Shutdown.Virtualization_Shutdown                                                                                                                                                                                          :        1 samples, Peak.  1.00 us (1.0x), Avg.  1.00 us, Total. 1.000 us (0.0%)
[Performance] Application.Shutdown.DevConnections                                                                                                                                                                                                   :        1 samples, Peak.   253 us (1.0x), Avg.   253 us, Total. 253.1 us (0.0%)
Exiting batchmode successfully now!
Exiting without the bug reporter. Application will terminate with return code 0