[Licensing::Module] Trying to connect to existing licensing client channel...
[Licensing::IpcConnector] Successfully connected to the License Client on channel: "LicenseClient-Raj Brass" at "2026-08-05T13:16:22.2420037Z"
[Licensing::Client] Error: Code 10 while verifying Licensing Client signature (process Id: 5080, path: "C:/Program Files/Unity Hub/UnityLicensingClient_V1/Unity.Licensing.Client.exe")
[Licensing::Module] Error: LicensingClient has failed validation; ignoring
[Licensing::Client] Handshaking with LicensingClient:
  Version:                 1.17.4+4293ba1
  Session Id:              01af81e3feb54415b7562f35c1237850
  Correlation Id:          7417ffab5c90dba34b4940ddd2b9b887
  External correlation Id: 9120523877778362143
  Machine Id:              NCht30bPUYmHQXFv5pZZ6H7jJHQ=
[Licensing::Module] Successfully connected to LicensingClient on channel: "LicenseClient-Raj Brass" (connect: 0.00s, validation: 0.01s, handshake: 0.06s)
[Licensing::IpcConnector] Successfully connected to the License Notification on channel: "LicenseClient-Raj Brass-notifications" at "2026-08-05T13:16:22.3161913Z"
[Licensing::Module] Error: Access token is unavailable; failed to update
[Licensing::Client] Successfully updated license
Built from '2022.3/staging' branch; Version is '2022.3.40f1 (cbdda657d2f0) revision 13360550'; Using compiler version '192829333'; Build Type 'Release'
OS: 'Windows 11  (10.0.26200) 64bit Professional' Language: 'en' Physical Memory: 7916 MB
[Licensing::Client] Successfully resolved entitlement details
[Licensing::Module] Serial number assigned to: "13469882743373-krish7122006-UnityProStuXXXX"
BatchMode: 1, IsHumanControllingUs: 0, StartBugReporterOnCrash: 0, Is64bit: 1, IsPro: 1
[Licensing::Client] Successfully resolved entitlement details

COMMAND LINE ARGUMENTS:
D:\2022.3.40f1\Editor\Unity.exe
-quit
-batchmode
-projectPath
d:\RESEARCH\laalo\laalo\TelloUnityDemo
-executeMethod
TelloUnityDemo.Editor.ArchitectureSceneSetup.SetupScene
-logFile
d:\RESEARCH\laalo\laalo\TelloUnityDemo\setup5.log
Successfully changed project path to: d:\RESEARCH\laalo\laalo\TelloUnityDemo
D:/RESEARCH/laalo/laalo/TelloUnityDemo
[UnityMemory] Configuration Parameters - Can be set up in boot.config
    "memorysetup-bucket-allocator-granularity=16"
    "memorysetup-bucket-allocator-bucket-count=8"
    "memorysetup-bucket-allocator-block-size=33554432"
    "memorysetup-bucket-allocator-block-count=8"
    "memorysetup-main-allocator-block-size=16777216"
    "memorysetup-thread-allocator-block-size=16777216"
    "memorysetup-gfx-main-allocator-block-size=16777216"
    "memorysetup-gfx-thread-allocator-block-size=16777216"
    "memorysetup-cache-allocator-block-size=4194304"
    "memorysetup-typetree-allocator-block-size=2097152"
    "memorysetup-profiler-bucket-allocator-granularity=16"
    "memorysetup-profiler-bucket-allocator-bucket-count=8"
    "memorysetup-profiler-bucket-allocator-block-size=33554432"
    "memorysetup-profiler-bucket-allocator-block-count=8"
    "memorysetup-profiler-allocator-block-size=16777216"
    "memorysetup-profiler-editor-allocator-block-size=1048576"
    "memorysetup-temp-allocator-size-main=16777216"
    "memorysetup-job-temp-allocator-block-size=2097152"
    "memorysetup-job-temp-allocator-block-size-background=1048576"
    "memorysetup-job-temp-allocator-reduction-small-platforms=262144"
    "memorysetup-allocator-temp-initial-block-size-main=262144"
    "memorysetup-allocator-temp-initial-block-size-worker=262144"
    "memorysetup-temp-allocator-size-background-worker=32768"
    "memorysetup-temp-allocator-size-job-worker=262144"
    "memorysetup-temp-allocator-size-preload-manager=33554432"
    "memorysetup-temp-allocator-size-nav-mesh-worker=65536"
    "memorysetup-temp-allocator-size-audio-worker=65536"
    "memorysetup-temp-allocator-size-cloud-worker=32768"
    "memorysetup-temp-allocator-size-gi-baking-worker=262144"
    "memorysetup-temp-allocator-size-gfx=262144"
Player connection [29792]  Target information:

Player connection [29792]  * "[IP] 10.0.101.38 [Port] 55504 [Flags] 2 [Guid] 486352121 [EditorId] 486352121 [Version] 1048832 [Id] WindowsEditor(7,krish) [Debug] 1 [PackageName] WindowsEditor [ProjectName] Editor" 

Player connection [29792] Host joined multi-casting on [225.0.0.222:54997]...
Player connection [29792] Host joined alternative multi-casting on [225.0.0.222:34997]...
[PhysX] Initialized MultithreadedTaskDispatcher with 8 workers.
[Package Manager] UpmClient::Connect -- Connected to IPC stream "Upm-30436" after 0.4 seconds.
[Package Manager] Restoring resolved packages state from cache
[Licensing::Client] Successfully resolved entitlement details
[Package Manager] Registered 64 packages:
  Packages from [https://packages.unity.com]:
    com.meta.xr.sdk.all@201.0.0 (location: D:\RESEARCH\laalo\laalo\TelloUnityDemo\Library\PackageCache\com.meta.xr.sdk.all@201.0.0)
    com.unity.ads@4.4.2 (location: D:\RESEARCH\laalo\laalo\TelloUnityDemo\Library\PackageCache\com.unity.ads@4.4.2)
    com.unity.ai.navigation@1.1.5 (location: D:\RESEARCH\laalo\laalo\TelloUnityDemo\Library\PackageCache\com.unity.ai.navigation@1.1.5)
    com.unity.analytics@3.8.1 (location: D:\RESEARCH\laalo\laalo\TelloUnityDemo\Library\PackageCache\com.unity.analytics@3.8.1)
    com.unity.collab-proxy@2.4.4 (location: D:\RESEARCH\laalo\laalo\TelloUnityDemo\Library\PackageCache\com.unity.collab-proxy@2.4.4)
    com.unity.ide.rider@3.0.31 (location: D:\RESEARCH\laalo\laalo\TelloUnityDemo\Library\PackageCache\com.unity.ide.rider@3.0.31)
    com.unity.ide.visualstudio@2.0.22 (location: D:\RESEARCH\laalo\laalo\TelloUnityDemo\Library\PackageCache\com.unity.ide.visualstudio@2.0.22)
    com.unity.ide.vscode@1.2.5 (location: D:\RESEARCH\laalo\laalo\TelloUnityDemo\Library\PackageCache\com.unity.ide.vscode@1.2.5)
    com.unity.test-framework@1.1.33 (location: D:\RESEARCH\laalo\laalo\TelloUnityDemo\Library\PackageCache\com.unity.test-framework@1.1.33)
    com.unity.textmeshpro@3.0.6 (location: D:\RESEARCH\laalo\laalo\TelloUnityDemo\Library\PackageCache\com.unity.textmeshpro@3.0.6)
    com.unity.timeline@1.7.6 (location: D:\RESEARCH\laalo\laalo\TelloUnityDemo\Library\PackageCache\com.unity.timeline@1.7.6)
    com.unity.ext.nunit@1.0.6 (location: D:\RESEARCH\laalo\laalo\TelloUnityDemo\Library\PackageCache\com.unity.ext.nunit@1.0.6)
    com.unity.services.analytics@5.0.0 (location: D:\RESEARCH\laalo\laalo\TelloUnityDemo\Library\PackageCache\com.unity.services.analytics@5.0.0)
    com.meta.xr.sdk.core@201.0.0 (location: D:\RESEARCH\laalo\laalo\TelloUnityDemo\Library\PackageCache\com.meta.xr.sdk.core@201.0.0)
    com.meta.xr.sdk.audio@85.0.0 (location: D:\RESEARCH\laalo\laalo\TelloUnityDemo\Library\PackageCache\com.meta.xr.sdk.audio@85.0.0)
    com.meta.xr.sdk.voice@85.0.0 (location: D:\RESEARCH\laalo\laalo\TelloUnityDemo\Library\PackageCache\com.meta.xr.sdk.voice@85.0.0)
    com.meta.xr.sdk.haptics@201.0.0 (location: D:\RESEARCH\laalo\laalo\TelloUnityDemo\Library\PackageCache\com.meta.xr.sdk.haptics@201.0.0)
    com.meta.xr.mrutilitykit@201.0.0 (location: D:\RESEARCH\laalo\laalo\TelloUnityDemo\Library\PackageCache\com.meta.xr.mrutilitykit@201.0.0)
    com.meta.xr.sdk.platform@201.0.0 (location: D:\RESEARCH\laalo\laalo\TelloUnityDemo\Library\PackageCache\com.meta.xr.sdk.platform@201.0.0)
    com.meta.xr.sdk.interaction@201.0.0 (location: D:\RESEARCH\laalo\laalo\TelloUnityDemo\Library\PackageCache\com.meta.xr.sdk.interaction@201.0.0)
    com.meta.xr.sdk.interaction.ovr@201.0.0 (location: D:\RESEARCH\laalo\laalo\TelloUnityDemo\Library\PackageCache\com.meta.xr.sdk.interaction.ovr@201.0.0)
    com.unity.services.core@1.12.5 (location: D:\RESEARCH\laalo\laalo\TelloUnityDemo\Library\PackageCache\com.unity.services.core@1.12.5)
    com.unity.inputsystem@1.7.0 (location: D:\RESEARCH\laalo\laalo\TelloUnityDemo\Library\PackageCache\com.unity.inputsystem@1.7.0)
    com.unity.nuget.newtonsoft-json@3.2.1 (location: D:\RESEARCH\laalo\laalo\TelloUnityDemo\Library\PackageCache\com.unity.nuget.newtonsoft-json@3.2.1)
    com.unity.xr.hands@1.7.2 (location: D:\RESEARCH\laalo\laalo\TelloUnityDemo\Library\PackageCache\com.unity.xr.hands@1.7.2)
    com.unity.mathematics@1.2.6 (location: D:\RESEARCH\laalo\laalo\TelloUnityDemo\Library\PackageCache\com.unity.mathematics@1.2.6)
    com.unity.xr.core-utils@2.3.0 (location: D:\RESEARCH\laalo\laalo\TelloUnityDemo\Library\PackageCache\com.unity.xr.core-utils@2.3.0)
    com.unity.xr.management@4.4.0 (location: D:\RESEARCH\laalo\laalo\TelloUnityDemo\Library\PackageCache\com.unity.xr.management@4.4.0)
    com.unity.xr.legacyinputhelpers@2.1.10 (location: D:\RESEARCH\laalo\laalo\TelloUnityDemo\Library\PackageCache\com.unity.xr.legacyinputhelpers@2.1.10)
  Built-in packages:
    com.unity.2d.sprite@1.0.0 (location: D:\RESEARCH\laalo\laalo\TelloUnityDemo\Library\PackageCache\com.unity.2d.sprite@1.0.0)
    com.unity.2d.tilemap@1.0.0 (location: D:\RESEARCH\laalo\laalo\TelloUnityDemo\Library\PackageCache\com.unity.2d.tilemap@1.0.0)
    com.unity.ugui@1.0.0 (location: D:\RESEARCH\laalo\laalo\TelloUnityDemo\Library\PackageCache\com.unity.ugui@1.0.0)
    com.unity.modules.ai@1.0.0 (location: D:\RESEARCH\laalo\laalo\TelloUnityDemo\Library\PackageCache\com.unity.modules.ai@1.0.0)
    com.unity.modules.androidjni@1.0.0 (location: D:\RESEARCH\laalo\laalo\TelloUnityDemo\Library\PackageCache\com.unity.modules.androidjni@1.0.0)
    com.unity.modules.animation@1.0.0 (location: D:\RESEARCH\laalo\laalo\TelloUnityDemo\Library\PackageCache\com.unity.modules.animation@1.0.0)
    com.unity.modules.assetbundle@1.0.0 (location: D:\RESEARCH\laalo\laalo\TelloUnityDemo\Library\PackageCache\com.unity.modules.assetbundle@1.0.0)
    com.unity.modules.audio@1.0.0 (location: D:\RESEARCH\laalo\laalo\TelloUnityDemo\Library\PackageCache\com.unity.modules.audio@1.0.0)
    com.unity.modules.cloth@1.0.0 (location: D:\RESEARCH\laalo\laalo\TelloUnityDemo\Library\PackageCache\com.unity.modules.cloth@1.0.0)
    com.unity.modules.director@1.0.0 (location: D:\RESEARCH\laalo\laalo\TelloUnityDemo\Library\PackageCache\com.unity.modules.director@1.0.0)
    com.unity.modules.imageconversion@1.0.0 (location: D:\RESEARCH\laalo\laalo\TelloUnityDemo\Library\PackageCache\com.unity.modules.imageconversion@1.0.0)
    com.unity.modules.imgui@1.0.0 (location: D:\RESEARCH\laalo\laalo\TelloUnityDemo\Library\PackageCache\com.unity.modules.imgui@1.0.0)
    com.unity.modules.jsonserialize@1.0.0 (location: D:\RESEARCH\laalo\laalo\TelloUnityDemo\Library\PackageCache\com.unity.modules.jsonserialize@1.0.0)
    com.unity.modules.particlesystem@1.0.0 (location: D:\RESEARCH\laalo\laalo\TelloUnityDemo\Library\PackageCache\com.unity.modules.particlesystem@1.0.0)
    com.unity.modules.physics@1.0.0 (location: D:\RESEARCH\laalo\laalo\TelloUnityDemo\Library\PackageCache\com.unity.modules.physics@1.0.0)
    com.unity.modules.physics2d@1.0.0 (location: D:\RESEARCH\laalo\laalo\TelloUnityDemo\Library\PackageCache\com.unity.modules.physics2d@1.0.0)
    com.unity.modules.screencapture@1.0.0 (location: D:\RESEARCH\laalo\laalo\TelloUnityDemo\Library\PackageCache\com.unity.modules.screencapture@1.0.0)
    com.unity.modules.terrain@1.0.0 (location: D:\RESEARCH\laalo\laalo\TelloUnityDemo\Library\PackageCache\com.unity.modules.terrain@1.0.0)
    com.unity.modules.terrainphysics@1.0.0 (location: D:\RESEARCH\laalo\laalo\TelloUnityDemo\Library\PackageCache\com.unity.modules.terrainphysics@1.0.0)
    com.unity.modules.tilemap@1.0.0 (location: D:\RESEARCH\laalo\laalo\TelloUnityDemo\Library\PackageCache\com.unity.modules.tilemap@1.0.0)
    com.unity.modules.ui@1.0.0 (location: D:\RESEARCH\laalo\laalo\TelloUnityDemo\Library\PackageCache\com.unity.modules.ui@1.0.0)
    com.unity.modules.uielements@1.0.0 (location: D:\RESEARCH\laalo\laalo\TelloUnityDemo\Library\PackageCache\com.unity.modules.uielements@1.0.0)
    com.unity.modules.umbra@1.0.0 (location: D:\RESEARCH\laalo\laalo\TelloUnityDemo\Library\PackageCache\com.unity.modules.umbra@1.0.0)
    com.unity.modules.unityanalytics@1.0.0 (location: D:\RESEARCH\laalo\laalo\TelloUnityDemo\Library\PackageCache\com.unity.modules.unityanalytics@1.0.0)
    com.unity.modules.unitywebrequest@1.0.0 (location: D:\RESEARCH\laalo\laalo\TelloUnityDemo\Library\PackageCache\com.unity.modules.unitywebrequest@1.0.0)
    com.unity.modules.unitywebrequestassetbundle@1.0.0 (location: D:\RESEARCH\laalo\laalo\TelloUnityDemo\Library\PackageCache\com.unity.modules.unitywebrequestassetbundle@1.0.0)
    com.unity.modules.unitywebrequestaudio@1.0.0 (location: D:\RESEARCH\laalo\laalo\TelloUnityDemo\Library\PackageCache\com.unity.modules.unitywebrequestaudio@1.0.0)
    com.unity.modules.unitywebrequesttexture@1.0.0 (location: D:\RESEARCH\laalo\laalo\TelloUnityDemo\Library\PackageCache\com.unity.modules.unitywebrequesttexture@1.0.0)
    com.unity.modules.unitywebrequestwww@1.0.0 (location: D:\RESEARCH\laalo\laalo\TelloUnityDemo\Library\PackageCache\com.unity.modules.unitywebrequestwww@1.0.0)
    com.unity.modules.vehicles@1.0.0 (location: D:\RESEARCH\laalo\laalo\TelloUnityDemo\Library\PackageCache\com.unity.modules.vehicles@1.0.0)
    com.unity.modules.video@1.0.0 (location: D:\RESEARCH\laalo\laalo\TelloUnityDemo\Library\PackageCache\com.unity.modules.video@1.0.0)
    com.unity.modules.vr@1.0.0 (location: D:\RESEARCH\laalo\laalo\TelloUnityDemo\Library\PackageCache\com.unity.modules.vr@1.0.0)
    com.unity.modules.wind@1.0.0 (location: D:\RESEARCH\laalo\laalo\TelloUnityDemo\Library\PackageCache\com.unity.modules.wind@1.0.0)
    com.unity.modules.xr@1.0.0 (location: D:\RESEARCH\laalo\laalo\TelloUnityDemo\Library\PackageCache\com.unity.modules.xr@1.0.0)
    com.unity.modules.subsystems@1.0.0 (location: D:\RESEARCH\laalo\laalo\TelloUnityDemo\Library\PackageCache\com.unity.modules.subsystems@1.0.0)
[Subsystems] No new subsystems found in resolved package list.
Package Manager log level set to [2]
[Package Manager] Done registering packages in 0.18 seconds
Refreshing native plugins compatible for Editor in 49.76 ms, found 18 plugins.
Unity memory allocator detected: MetaXRAudio native memory allocations will be tracked.
Preloading 2 native plugins for Editor in 4.50 ms.
Initialize engine version: 2022.3.40f1 (cbdda657d2f0)
[Subsystems] Discovering subsystems at path D:/2022.3.40f1/Editor/Data/Resources/UnitySubsystems
[Subsystems] Discovering subsystems at path D:/RESEARCH/laalo/laalo/TelloUnityDemo/Assets
GfxDevice: creating device client; threaded=0; jobified=0
Direct3D:
    Version:  Direct3D 11.0 [level 11.1]
    Renderer: Intel(R) UHD Graphics (ID=0x46b3)
    Vendor:   Intel
    VRAM:     3958 MB
    Driver:   32.0.101.7082
Shader 'Meta/MRUK/Scene/HighlightsAndShadows': fallback shader 'Off' not found
Shader 'Oculus/OVRMRCameraFrameLit': fallback shader 'Alpha-Diffuse' not found
[Licensing::Client] Successfully resolved entitlement details
Initialize mono
Mono path[0] = 'D:/2022.3.40f1/Editor/Data/Managed'
Mono path[1] = 'D:/2022.3.40f1/Editor/Data/MonoBleedingEdge/lib/mono/unityjit-win32'
Mono config path = 'D:/2022.3.40f1/Editor/Data/MonoBleedingEdge/etc'
Using monoOptions --debugger-agent=transport=dt_socket,embedding=1,server=y,suspend=n,address=127.0.0.1:56436
Using cacheserver namespaces - metadata:defaultmetadata, artifacts:defaultartifacts
Using cacheserver namespaces - metadata:defaultmetadata, artifacts:defaultartifacts
ImportWorker Server TCP listen port: 0
Begin MonoManager ReloadAssembly
Registering precompiled unity dll's ...
[Licensing::Client] Successfully resolved entitlement details
Register platform support module: D:/2022.3.40f1/Editor/Data/PlaybackEngines/AndroidPlayer/UnityEditor.Android.Extensions.dll
Register platform support module: D:/2022.3.40f1/Editor/Data/PlaybackEngines/WindowsStandaloneSupport/UnityEditor.WindowsStandalone.Extensions.dll
Registered in 0.029669 seconds.
- Loaded All Assemblies, in  0.471 seconds
Native extension for WindowsStandalone target not found
Native extension for Android target not found
Android Extension - Scanning For ADB Devices 2899 ms
Mono: successfully reloaded assembly
- Finished resetting the current domain, in  3.309 seconds
Domain Reload Profiling: 3781ms
	BeginReloadAssembly (139ms)
		ExecutionOrderSort (0ms)
		DisableScriptedObjects (0ms)
		BackupInstance (0ms)
		ReleaseScriptingObjects (0ms)
		CreateAndSetChildDomain (1ms)
	RebuildCommonClasses (46ms)
	RebuildNativeTypeToScriptingClass (10ms)
	initialDomainReloadingComplete (93ms)
	LoadAllAssembliesAndSetupDomain (183ms)
		LoadAssemblies (139ms)
		RebuildTransferFunctionScriptingTraits (0ms)
		AnalyzeDomain (180ms)
			TypeCache.Refresh (178ms)
				TypeCache.ScanAssembly (162ms)
			ScanForSourceGeneratedMonoScriptInfo (0ms)
			ResolveRequiredComponents (1ms)
	FinalizeReload (3310ms)
		ReleaseScriptCaches (0ms)
		RebuildScriptCaches (0ms)
		SetupLoadedEditorAssemblies (3252ms)
			LogAssemblyErrors (0ms)
			InitializePlatformSupportModulesInManaged (3044ms)
			SetLoadedEditorAssemblies (4ms)
			RefreshPlugins (0ms)
			BeforeProcessingInitializeOnLoad (5ms)
			ProcessInitializeOnLoadAttributes (133ms)
			ProcessInitializeOnLoadMethodAttributes (66ms)
			AfterProcessingInitializeOnLoad (0ms)
			EditorAssembliesLoaded (0ms)
		ExecutionOrderSort2 (0ms)
		AwakeInstancesAfterBackupRestoration (0ms)
[Licensing::Client] Successfully resolved entitlement details
Application.AssetDatabase Initial Refresh Start
[ScriptCompilation] Requested script compilation because: Assetdatabase observed changes in script compilation related files
info: Microsoft.Hosting.Lifetime[14]
      Now listening on: http://localhost:80
info: Microsoft.Hosting.Lifetime[0]
      Application started. Press Ctrl+C to shut down.
info: Microsoft.Hosting.Lifetime[0]
      Hosting environment: Production
info: Microsoft.Hosting.Lifetime[0]
      Content root path: D:\RESEARCH\laalo\laalo\TelloUnityDemo\
info: Microsoft.AspNetCore.Hosting.Diagnostics[1]
      Request starting HTTP/2 POST http://ilpp/UnityILPP.PostProcessing/Ping application/grpc -
info: Microsoft.AspNetCore.Routing.EndpointMiddleware[0]
      Executing endpoint 'gRPC - /UnityILPP.PostProcessing/Ping'
info: Microsoft.AspNetCore.Routing.EndpointMiddleware[1]
      Executed endpoint 'gRPC - /UnityILPP.PostProcessing/Ping'
info: Microsoft.AspNetCore.Hosting.Diagnostics[2]
      Request finished HTTP/2 POST http://ilpp/UnityILPP.PostProcessing/Ping application/grpc - - 200 - application/grpc 51.1692ms
Starting: D:\2022.3.40f1\Editor\Data\bee_backend.exe --dont-print-to-structured-log --ipc --defer-dag-verification --dagfile="Library/Bee/1900b0aE.dag" --continue-on-failure --profile="Library/Bee/backend1.traceevents" ScriptAssemblies
WorkingDir: D:/RESEARCH/laalo/laalo/TelloUnityDemo
DisplayProgressbar: Compiling Scripts
ExitCode: 4 Duration: 1s891ms
Rebuilding DAG because FileSignature timestamp changed: Library/Bee/1900b0aE-inputdata.json
[1306/1309  1s] Csc Library/Bee/artifacts/1900b0aE.dag/Assembly-CSharp-Editor.dll (+2 others)
Assets\Editor\ArchitectureSceneSetup.cs(111,17): warning CS0618: 'OVRPassthroughLayer.projectionSurfaceType' is obsolete: 'Surface projected passthrough is being deprecated and support for it will be removed in a future release.'

Assets\Editor\ArchitectureSceneSetup.cs(111,47): warning CS0618: 'OVRPassthroughLayer.ProjectionSurfaceType' is obsolete: 'Surface projected passthrough is being deprecated and support for it will be removed in a future release.'

Assets\Editor\ArchitectureSceneSetup.cs(112,17): warning CS0618: 'OVRPassthroughLayer.overlayType' is obsolete: 'Passthrough flexible layering is being deprecated and support for it will be removed in a future release. Moving forward, there will be only one background Passthrough layer rendered beneath the eye buffer.'
*** Tundra requires additional run (1.82 seconds), 1 items updated, 1305 evaluated
Starting: D:\2022.3.40f1\Editor\Data\Tools\netcorerun\netcorerun.exe "D:\2022.3.40f1\Editor\Data\Tools\BuildPipeline\ScriptCompilationBuildProgram.exe" "Library/Bee/1900b0aE.dag.json" "Library/Bee/1900b0aE-inputdata.json" "Library\Bee\buildprogram0.traceevents"
WorkingDir: D:/RESEARCH/laalo/laalo/TelloUnityDemo
ExitCode: 0 Duration: 0s702ms
Starting: D:\2022.3.40f1\Editor\Data\bee_backend.exe --dont-print-to-structured-log --ipc --defer-dag-verification --dagfile="Library/Bee/1900b0aE.dag" --continue-on-failure --dagfilejson="Library\Bee\1900b0aE.dag.json" --profile="Library/Bee/backend2.traceevents" ScriptAssemblies
WorkingDir: D:/RESEARCH/laalo/laalo/TelloUnityDemo
ExitCode: 0 Duration: 0s243ms
Finished compiling graph: 1313 nodes, 21324 flattened edges (18330 ToBuild, 290 ToUse), maximum node priority 1068
[1307/1309  0s] CopyFiles Library/ScriptAssemblies/Assembly-CSharp-Editor.pdb
[1308/1309  0s] CopyFiles Library/ScriptAssemblies/Assembly-CSharp-Editor.dll
*** Tundra build success (0.19 seconds), 2 items updated, 1309 evaluated
AssetDatabase: script compilation time: 3.565966s
Begin MonoManager ReloadAssembly
Total cache size 268301296
Total cache size after purge 268301296
Symbol file LoadedFromMemory is not a mono symbol file
- Loaded All Assemblies, in  0.970 seconds
Refreshing native plugins compatible for Editor in 11.44 ms, found 18 plugins.
Preloading 2 native plugins for Editor in 0.11 ms.
Start importing Assets/Editor/ArchitectureSceneSetup.cs using Guid(04f22c5bf5c4c04459d32d9e2e75588a) Importer(-1,00000000000000000000000000000000) [PhysX] Initialized MultithreadedTaskDispatcher with 8 workers.
 -> (artifact id: '58e01918d5b7ad10458ff064a0231151') in 0.009511 seconds
Refreshing native plugins compatible for Editor in 12.35 ms, found 18 plugins.
Native extension for WindowsStandalone target not found
Native extension for Android target not found
I0805 18:46:38.457260 29792 OVRTelemetry.cpp:57] Telemetry_Init: calling startSession with engineName=Unity, pluginVersion=1.201.0
I0805 18:46:38.590534 29792 OVRTelemetry.cpp:61] Telemetry_Init: startSession completed successfully
Mono: successfully reloaded assembly
- Finished resetting the current domain, in  1.724 seconds
Domain Reload Profiling: 2693ms
	BeginReloadAssembly (186ms)
		ExecutionOrderSort (0ms)
		DisableScriptedObjects (5ms)
		BackupInstance (0ms)
		ReleaseScriptingObjects (0ms)
		CreateAndSetChildDomain (32ms)
	RebuildCommonClasses (39ms)
	RebuildNativeTypeToScriptingClass (18ms)
	initialDomainReloadingComplete (41ms)
	LoadAllAssembliesAndSetupDomain (685ms)
		LoadAssemblies (508ms)
		RebuildTransferFunctionScriptingTraits (0ms)
		AnalyzeDomain (273ms)
			TypeCache.Refresh (210ms)
				TypeCache.ScanAssembly (184ms)
			ScanForSourceGeneratedMonoScriptInfo (46ms)
			ResolveRequiredComponents (15ms)
	FinalizeReload (1725ms)
		ReleaseScriptCaches (0ms)
		RebuildScriptCaches (0ms)
		SetupLoadedEditorAssemblies (1526ms)
			LogAssemblyErrors (0ms)
			InitializePlatformSupportModulesInManaged (23ms)
			SetLoadedEditorAssemblies (10ms)
			RefreshPlugins (0ms)
			BeforeProcessingInitializeOnLoad (109ms)
			ProcessInitializeOnLoadAttributes (1297ms)
			ProcessInitializeOnLoadMethodAttributes (85ms)
			AfterProcessingInitializeOnLoad (2ms)
			EditorAssembliesLoaded (0ms)
		ExecutionOrderSort2 (0ms)
		AwakeInstancesAfterBackupRestoration (9ms)
Refreshing native plugins compatible for Editor in 12.59 ms, found 18 plugins.
Preloading 2 native plugins for Editor in 0.10 ms.
Asset Pipeline Refresh (id=c0b9005afdc013f428b25b359dffb605): Total: 11.927 seconds - Initiated by InitialRefreshV2(ForceSynchronousImport)
	Summary:
		Imports: total=3 (actual=1, local cache=2, cache server=0)
		Asset DB Process Time: managed=3 ms, native=4102 ms
		Asset DB Callback time: managed=1339 ms, native=20 ms
		Scripting: domain reloads=1, domain reload time=2827 ms, compile time=3566 ms, other=67 ms
		Project Asset Count: scripts=7683, non-scripts=3498
		Asset File Changes: new=0, changed=1, moved=0, deleted=0
		Scan Filter Count: 0
	InvokeBeforeRefreshCallbacks: 0.395ms
	ApplyChangesToAssetFolders: 0.073ms
	Scan: 165.533ms
	OnSourceAssetsModified: 2.282ms
	GetAllGuidsForCategorization: 1.202ms
	CategorizeAssets: 242.664ms
	ImportOutOfDateAssets: 1854.592ms (-1780.822ms without children)
		ImportManagerImport: 28.105ms (4.157ms without children)
			ImportInProcess: 23.899ms
			UpdateCategorizedAssets: 0.049ms
		CompileScripts: 3566.121ms
		ReloadNativeAssets: 0.001ms
		UnloadImportedAssets: 30.264ms
		ReloadImportedAssets: 0.570ms
		EnsureUptoDateAssetsAreRegisteredWithGuidPM: 5.276ms
		InitializingProgressBar: 0.014ms
		PostProcessAllAssetNotificationsAddChangedAssets: 0.013ms
		OnDemandSchedulerStart: 5.050ms
	PostProcessAllAssets: 1342.388ms
	Hotreload: 15.059ms
	GatherAllCurrentPrimaryArtifactRevisions: 0.002ms
	UnloadStreamsBegin: 2.856ms
	PersistCurrentRevisions: 0.982ms
	UnloadStreamsEnd: 0.148ms
	GenerateScriptTypeHashes: 18.059ms
	Untracked: 8299.110ms
Application.AssetDatabase Initial Refresh End
Shader 'Meta/MRUK/Scene/HighlightsAndShadows': fallback shader 'Off' not found
Shader 'Oculus/OVRMRCameraFrameLit': fallback shader 'Alpha-Diffuse' not found
Launched and connected shader compiler UnityShaderCompiler.exe after 0.10 seconds
Scanning for USB devices : 0.833ms
Initializing Unity extensions:
[Licensing::Client] Successfully resolved entitlement details
[MODES] ModeService[none].Initialize
[MODES] ModeService[none].LoadModes
[MODES] Loading mode Default (0) for mode-current-id-TelloUnityDemo
[PhysX] Initialized MultithreadedTaskDispatcher with 8 workers.
ProgressiveSceneManager::Cancel()
Unloading 166 Unused Serialized files (Serialized files now loaded: 0)
Unloading 156 unused Assets / (1.0 MB). Loaded Objects now: 8841.
Memory consumption went from 205.9 MB to 204.9 MB.
Total: 14.335900 ms (FindLiveObjects: 0.561100 ms CreateObjectMapping: 0.341400 ms MarkObjects: 12.803500 ms  DeleteObjects: 0.624300 ms)

Opening scene 'Assets/Scenes/implemented.unity'
[PhysX] Initialized MultithreadedTaskDispatcher with 8 workers.
Unloading 1 Unused Serialized files (Serialized files now loaded: 0)
Loaded scene 'Assets/Scenes/implemented.unity'
	Deserialize:            4.368 ms
	Integration:            126.280 ms
	Integration of assets:  0.008 ms
	Thread Wait Time:       0.050 ms
	Total Operation Time:   130.705 ms
Unloading 2 unused Assets / (1.0 KB). Loaded Objects now: 11328.
Memory consumption went from 203.6 MB to 203.6 MB.
Total: 15.258000 ms (FindLiveObjects: 0.767900 ms CreateObjectMapping: 1.901600 ms MarkObjects: 12.513700 ms  DeleteObjects: 0.073500 ms)

[SceneSetup] Starting automated scene setup...
UnityEngine.StackTraceUtility:ExtractStackTrace ()
UnityEngine.DebugLogHandler:LogFormat (UnityEngine.LogType,UnityEngine.Object,string,object[])
UnityEngine.Logger:Log (UnityEngine.LogType,object)
UnityEngine.Debug:Log (object)
TelloUnityDemo.Editor.ArchitectureSceneSetup:SetupScene () (at Assets/Editor/ArchitectureSceneSetup.cs:27)

(Filename: Assets/Editor/ArchitectureSceneSetup.cs Line: 27)

Start importing Assets/Scenes/implemented.unity using Guid(7e0d653850950f1499a5a357ffbb6541) Importer(-1,00000000000000000000000000000000) [PhysX] Initialized MultithreadedTaskDispatcher with 8 workers.
 -> (artifact id: '2e9ac01ae42b1ad1f05f6953397b00e6') in 0.001505 seconds
Refreshing native plugins compatible for Editor in 12.09 ms, found 18 plugins.
Preloading 2 native plugins for Editor in 0.11 ms.
Asset Pipeline Refresh (id=54bd2443bc6a15d42ad202113e3b9639): Total: 0.080 seconds - Initiated by StopAssetImportingV2(NoUpdateAssetOptions)
[SceneSetup] Scene setup completed! All OVR references and Passthrough settings have been auto-configured.
UnityEngine.StackTraceUtility:ExtractStackTrace ()
UnityEngine.DebugLogHandler:LogFormat (UnityEngine.LogType,UnityEngine.Object,string,object[])
UnityEngine.Logger:Log (UnityEngine.LogType,object)
UnityEngine.Debug:Log (object)
TelloUnityDemo.Editor.ArchitectureSceneSetup:SetupScene () (at Assets/Editor/ArchitectureSceneSetup.cs:119)

(Filename: Assets/Editor/ArchitectureSceneSetup.cs Line: 119)

Batchmode quit successfully invoked - shutting down!
Killing ADB server in 0.1804846 seconds.
[PhysX] Initialized MultithreadedTaskDispatcher with 8 workers.
[Licensing::IpcConnector] License Notification channel disconnected successfully.
[Licensing::IpcConnector] License Client channel disconnected successfully.
Cleanup mono
abort_threads: Failed aborting id: 00000000000058C4, mono_thread_manage will ignore it

abort_threads: Failed aborting id: 00000000000044EC, mono_thread_manage will ignore it

abort_threads: Failed aborting id: 000000000000601C, mono_thread_manage will ignore it

abort_threads: Failed aborting id: 00000000000058C4, mono_thread_manage will ignore it

abort_threads: Failed aborting id: 00000000000044EC, mono_thread_manage will ignore it

abort_threads: Failed aborting id: 000000000000601C, mono_thread_manage will ignore it

debugger-agent: Unable to listen on 5716
[Performance] WinEditorMain                                                                                                                                :        1 samples, Peak.  1.07 s (1.0x), Avg.  1.07 s, Total. 1.068 s (4.6%)
[Performance] WinEditorMain.ConfigureCrashHandler                                                                                                          :        1 samples, Peak.  30.0 us (1.0x), Avg.  30.0 us, Total. 30.00 us (0.0%)
[Performance] WinEditorMain.CurlRequestInitialize                                                                                                          :        1 samples, Peak.  2.18 ms (1.0x), Avg.  2.18 ms, Total. 2.176 ms (0.0%)
[Performance] WinEditorMain.SetupLogFile                                                                                                                   :        1 samples, Peak.   678 us (1.0x), Avg.   678 us, Total. 678.2 us (0.0%)
[Performance] WinEditorMain.RunNativeTestsIfRequiredAndExit                                                                                                :        1 samples, Peak.   200 ns (1.0x), Avg.   200 ns, Total. 200.0 ns (0.0%)
[Performance] WinEditorMain.Licensing                                                                                                                      :        1 samples, Peak.  1.04 s (1.0x), Avg.  1.04 s, Total. 1.043 s (4.5%)
[Performance] WinEditorMain.InitializeCrashHandler                                                                                                         :        1 samples, Peak.  18.8 ms (1.0x), Avg.  18.8 ms, Total. 18.78 ms (0.1%)
[Performance] WinEditorMain.CreateApplication                                                                                                              :        1 samples, Peak.   333 us (1.0x), Avg.   333 us, Total. 333.1 us (0.0%)
[Performance] Application.InitializeProject                                                                                                                :        1 samples, Peak.  18.8 s (1.0x), Avg.  18.8 s, Total. 18.80 s (80.4%)
[Performance] Application.PackageManager.StartServer                                                                                                       :        1 samples, Peak.   252 ms (1.0x), Avg.   252 ms, Total. 251.8 ms (1.1%)
[Performance] Application.AcquireProjectLock                                                                                                               :        1 samples, Peak.  17.8 ms (1.0x), Avg.  17.8 ms, Total. 17.81 ms (0.1%)
[Performance] Application.InitializeEngineNoGraphics                                                                                                       :        1 samples, Peak.  93.4 ms (1.0x), Avg.  93.4 ms, Total. 93.39 ms (0.4%)
[Performance] Application.PackageManager.Initialize                                                                                                        :        1 samples, Peak.   441 ms (1.0x), Avg.   441 ms, Total. 441.1 ms (1.9%)
[Performance] Connecting to Package Manager                                                                                                                :       45 samples, Peak.   171 us (24.3x), Avg.  7.03 us, Total. 316.5 us (0.0%)
[Performance] Application.EngineGraphics.Initialize                                                                                                        :        1 samples, Peak.   678 ms (1.0x), Avg.   678 ms, Total. 678.4 ms (2.9%)
[Performance] Application.GI.Initialize                                                                                                                    :        1 samples, Peak.  7.60 ms (1.0x), Avg.  7.60 ms, Total. 7.602 ms (0.0%)
[Performance] Application.LoadAllDefaultResourcesFromEditor                                                                                                :        1 samples, Peak.  5.81 ms (1.0x), Avg.  5.81 ms, Total. 5.811 ms (0.0%)
[Performance] Application.LoadMonoAssemblies                                                                                                               :        1 samples, Peak.  3.79 s (1.0x), Avg.  3.79 s, Total. 3.794 s (16.2%)
[Performance] RestoreManagedReferences                                                                                                                     :        2 samples, Peak.  64.4 ms (2.0x), Avg.  32.2 ms, Total. 64.36 ms (0.3%)
[Performance] EditorResources.Load                                                                                                                         :        4 samples, Peak.  26.0 ms (3.9x), Avg.  6.65 ms, Total. 26.61 ms (0.1%)
[Performance] InitializeOnLoad MixerEffectDefinitionReloader                                                                                               :        2 samples, Peak.  3.39 ms (1.2x), Avg.  2.88 ms, Total. 5.763 ms (0.0%)
[Performance] InitializeOnLoad SettingsService                                                                                                             :        2 samples, Peak.  15.1 us (1.2x), Avg.  13.1 us, Total. 26.10 us (0.0%)
[Performance] InitializeOnLoad AssetStoreContext                                                                                                           :        2 samples, Peak.  29.7 ms (1.7x), Avg.  17.7 ms, Total. 35.32 ms (0.2%)
[Performance] InitializeOnLoad ObjectSelectorSearch                                                                                                        :        2 samples, Peak.   103 us (1.0x), Avg.  97.8 us, Total. 195.5 us (0.0%)
[Performance] InitializeOnLoad SceneSearch                                                                                                                 :        2 samples, Peak.  70.1 us (1.2x), Avg.  58.4 us, Total. 116.7 us (0.0%)
[Performance] InitializeOnLoad ProjectSearch                                                                                                               :        2 samples, Peak.  91.0 us (1.2x), Avg.  75.0 us, Total. 150.0 us (0.0%)
[Performance] InitializeOnLoad WindowLayout                                                                                                                :        2 samples, Peak.   452 us (1.3x), Avg.   360 us, Total. 720.1 us (0.0%)
[Performance] InitializeOnLoad CacheServerWindow                                                                                                           :        2 samples, Peak.  19.3 us (1.1x), Avg.  16.9 us, Total. 33.80 us (0.0%)
[Performance] InitializeOnLoad NativeFormatImporterUtility                                                                                                 :        2 samples, Peak.  3.69 ms (1.3x), Avg.  2.77 ms, Total. 5.542 ms (0.0%)
[Performance] InitializeOnLoad DrivenRectTransformUndo                                                                                                     :        2 samples, Peak.   238 us (1.0x), Avg.   236 us, Total. 472.7 us (0.0%)
[Performance] InitializeOnLoad CloudBuild                                                                                                                  :        2 samples, Peak.  4.80 us (1.2x), Avg.  4.00 us, Total. 8.000 us (0.0%)
[Performance] InitializeOnLoad ManagedDebuggerWindow                                                                                                       :        2 samples, Peak.   664 us (1.0x), Avg.   644 us, Total. 1.287 ms (0.0%)
[Performance] InitializeOnLoad PrefabInstanceChangedListener                                                                                               :        2 samples, Peak.   134 us (1.0x), Avg.   131 us, Total. 262.8 us (0.0%)
[Performance] InitializeOnLoad AddComponentWindow                                                                                                          :        2 samples, Peak.   921 us (1.8x), Avg.   512 us, Total. 1.025 ms (0.0%)
[Performance] InitializeOnLoad ManagedDebugger                                                                                                             :        2 samples, Peak.   900 ns (1.3x), Avg.   700 ns, Total. 1.400 us (0.0%)
[Performance] InitializeOnLoad MenuItems                                                                                                                   :        2 samples, Peak.   118 us (1.2x), Avg.   103 us, Total. 205.0 us (0.0%)
[Performance] InitializeOnLoad EditMode                                                                                                                    :        2 samples, Peak.   408 us (1.1x), Avg.   369 us, Total. 738.6 us (0.0%)
[Performance] InitializeOnLoad UISystemProfilerRenderService                                                                                               :        2 samples, Peak.  8.50 us (1.1x), Avg.  7.55 us, Total. 15.10 us (0.0%)
[Performance] InitializeOnLoad PlayModeDownload                                                                                                            :        2 samples, Peak.   936 us (1.7x), Avg.   538 us, Total. 1.075 ms (0.0%)
[Performance] InitializeOnLoad ShortcutIntegration                                                                                                         :        2 samples, Peak.  73.4 us (1.1x), Avg.  64.0 us, Total. 128.0 us (0.0%)
[Performance] InitializeOnLoad UnityConnect                                                                                                                :        2 samples, Peak.  50.5 us (1.1x), Avg.  44.4 us, Total. 88.90 us (0.0%)
[Performance] InitializeOnLoad SearchService                                                                                                               :        2 samples, Peak.   120 us (1.1x), Avg.   113 us, Total. 225.0 us (0.0%)
[Performance] InitializeOnLoad EditorMonitor                                                                                                               :        2 samples, Peak.  1.07 ms (1.4x), Avg.   770 us, Total. 1.539 ms (0.0%)
[Performance] InitializeOnLoad RetainedMode                                                                                                                :        2 samples, Peak.  2.30 ms (1.0x), Avg.  2.28 ms, Total. 4.552 ms (0.0%)
[Performance] InitializeOnLoad EditorShaderLoader                                                                                                          :        2 samples, Peak.   688 us (1.0x), Avg.   657 us, Total. 1.314 ms (0.0%)
[Performance] InitializeOnLoad EditorDelegateRegistration                                                                                                  :        2 samples, Peak.   532 us (1.1x), Avg.   464 us, Total. 927.5 us (0.0%)
[Performance] InitializeOnLoad UIDocumentHierarchyWatcher                                                                                                  :        2 samples, Peak.  75.9 us (1.0x), Avg.  72.4 us, Total. 144.8 us (0.0%)
[Performance] InitializeOnLoad LiveReloadTrackerCreator                                                                                                    :        2 samples, Peak.   188 us (1.2x), Avg.   157 us, Total. 313.0 us (0.0%)
[Performance] InitializeOnLoad UxmlObjectEditorFactories                                                                                                   :        2 samples, Peak.   622 us (1.2x), Avg.   526 us, Total. 1.053 ms (0.0%)
[Performance] InitializeOnLoad UXMLEditorFactories                                                                                                         :        2 samples, Peak.  81.7 ms (1.1x), Avg.  73.4 ms, Total. 146.8 ms (0.6%)
[Performance] InitializeOnLoad CloudBuildPoller                                                                                                            :        2 samples, Peak.   329 us (1.0x), Avg.   317 us, Total. 634.0 us (0.0%)
[Performance] InitializeOnLoad AdsService                                                                                                                  :        2 samples, Peak.  2.70 ms (1.0x), Avg.  2.65 ms, Total. 5.290 ms (0.0%)
[Performance] InitializeOnLoad EditorGameServicesAnalytics                                                                                                 :        2 samples, Peak.  2.03 ms (1.0x), Avg.  2.00 ms, Total. 3.992 ms (0.0%)
[Performance] InitializeOnLoad UDPService                                                                                                                  :        2 samples, Peak.   343 us (1.2x), Avg.   283 us, Total. 565.6 us (0.0%)
[Performance] InitializeOnLoad BuildService                                                                                                                :        2 samples, Peak.   273 us (1.3x), Avg.   214 us, Total. 427.6 us (0.0%)
[Performance] InitializeOnLoad ServicesRepository                                                                                                          :        2 samples, Peak.  1.20 us (1.3x), Avg.   900 ns, Total. 1.800 us (0.0%)
[Performance] InitializeOnLoad PurchasingService                                                                                                           :        2 samples, Peak.  6.35 ms (1.0x), Avg.  6.18 ms, Total. 12.36 ms (0.1%)
[Performance] InitializeOnLoad AnalyticsService                                                                                                            :        2 samples, Peak.   252 us (1.0x), Avg.   245 us, Total. 489.4 us (0.0%)
[Performance] InitializeOnLoad CrashService                                                                                                                :        2 samples, Peak.   154 us (1.0x), Avg.   150 us, Total. 300.2 us (0.0%)
[Performance] InitializeOnLoad SearchWindow                                                                                                                :        2 samples, Peak.   148 us (1.1x), Avg.   131 us, Total. 262.9 us (0.0%)
[Performance] InitializeOnLoad CustomIndexers                                                                                                              :        2 samples, Peak.  25.6 ms (1.1x), Avg.  22.4 ms, Total. 44.83 ms (0.2%)
[Performance] InitializeOnLoad SearchMonitor                                                                                                               :        2 samples, Peak.  1.10 ms (1.0x), Avg.  1.07 ms, Total. 2.146 ms (0.0%)
[Performance] InitializeOnLoad ParameterControllerEditor                                                                                                   :        2 samples, Peak.  41.3 us (1.1x), Avg.  36.8 us, Total. 73.60 us (0.0%)
[Performance] InitializeOnLoad LayerSettingsWindow                                                                                                         :        2 samples, Peak.  50.5 us (1.7x), Avg.  29.4 us, Total. 58.90 us (0.0%)
[Performance] InitializeOnLoad PackageManagerHookGUIDConverter.RegisterPackagesEventHandler                                                                :        2 samples, Peak.  1.30 ms (1.8x), Avg.   722 us, Total. 1.444 ms (0.0%)
[Performance] InitializeOnLoad EditorDragAndDrop.RegisterEditorClient                                                                                      :        2 samples, Peak.   485 us (1.4x), Avg.   351 us, Total. 702.4 us (0.0%)
[Performance] InitializeOnLoad EditorEventCallbacks.InitializeFontAssetResourceChangeCallBacks                                                             :        2 samples, Peak.  1.78 ms (1.2x), Avg.  1.54 ms, Total. 3.075 ms (0.0%)
[Performance] InitializeOnLoad SceneTemplateService.Init                                                                                                   :        2 samples, Peak.  1.16 ms (1.1x), Avg.  1.07 ms, Total. 2.141 ms (0.0%)
[Performance] InitializeOnLoad DiagnosticSwitchesConsoleMessage.Init                                                                                       :        2 samples, Peak.  6.51 ms (1.8x), Avg.  3.66 ms, Total. 7.329 ms (0.0%)
[Performance] InitializeOnLoad ToolShortcutContext.Init                                                                                                    :        2 samples, Peak.   285 us (1.2x), Avg.   233 us, Total. 467.0 us (0.0%)
[Performance] InitializeOnLoad SceneViewMotion.RegisterShortcutContexts                                                                                    :        2 samples, Peak.   197 us (1.2x), Avg.   157 us, Total. 314.9 us (0.0%)
[Performance] InitializeOnLoad RectSelection.RegisterShortcutContext                                                                                       :        2 samples, Peak.   259 us (1.3x), Avg.   199 us, Total. 398.9 us (0.0%)
[Performance] InitializeOnLoad SceneVisibilityManager.Initialize                                                                                           :        2 samples, Peak.  4.38 ms (1.3x), Avg.  3.47 ms, Total. 6.933 ms (0.0%)
[Performance] InitializeOnLoad AssetPostprocessingInternal.RefreshCustomDependencies                                                                       :        2 samples, Peak.  3.50 ms (1.5x), Avg.  2.33 ms, Total. 4.659 ms (0.0%)
[Performance] InitializeOnLoad EditorWindow.Initialize                                                                                                     :        2 samples, Peak.   354 us (1.2x), Avg.   297 us, Total. 593.7 us (0.0%)
[Performance] InitializeOnLoad PackageManagerWindow.EditorInitializedInSafeMode                                                                            :        2 samples, Peak.  43.9 ms (2.0x), Avg.  22.0 ms, Total. 44.07 ms (0.2%)
[Performance] InitializeOnLoad MemoryProfilerCompilationGuard.InjectCompileGuard                                                                           :        2 samples, Peak.   242 us (1.1x), Avg.   215 us, Total. 430.6 us (0.0%)
[Performance] InitializeOnLoad ScopedRegistryAddedPopup.SubscribeToRegistriesAdded                                                                         :        2 samples, Peak.  12.8 ms (2.0x), Avg.  6.49 ms, Total. 12.98 ms (0.1%)
[Performance] InitializeOnLoad SysrootManager.Initialize                                                                                                   :        2 samples, Peak.   770 us (1.1x), Avg.   717 us, Total. 1.435 ms (0.0%)
[Performance] AssemblyReloadEvents.afterAssemblyReload: UnityEditor.SceneTemplate.SceneTemplateService.AfterAssemblyReload                                 :        2 samples, Peak.  9.11 ms (1.9x), Avg.  4.88 ms, Total. 9.769 ms (0.0%)
[Performance] ProcessService.EditorAfterLoadAllAssemblies                                                                                                  :        2 samples, Peak.   442 us (1.1x), Avg.   396 us, Total. 793.0 us (0.0%)
[Performance] Application.ReadLicenseInfo                                                                                                                  :        1 samples, Peak.  22.9 ms (1.0x), Avg.  22.9 ms, Total. 22.94 ms (0.1%)
[Performance] Application.InitialRefresh                                                                                                                   :        1 samples, Peak.  11.9 s (1.0x), Avg.  11.9 s, Total. 11.93 s (51.0%)
[Performance] ShaderImporter.SourceAssetModified                                                                                                           :        3 samples, Peak.   900 ns (1.3x), Avg.   667 ns, Total. 2.000 us (0.0%)
[Performance] ShaderIncludeImporter.SourceAssetModified                                                                                                    :        3 samples, Peak.  1.00 us (1.2x), Avg.   867 ns, Total. 2.600 us (0.0%)
[Performance] Compiling Scripts                                                                                                                            :        1 samples, Peak.  3.57 s (1.0x), Avg.  3.57 s, Total. 3.566 s (15.2%)
[Performance] AssemblyReloadEvents.beforeAssemblyReload: UnityEditor.SceneTemplate.SceneTemplateService.BeforeAssemblyReload                               :        1 samples, Peak.   695 us (1.0x), Avg.   695 us, Total. 694.7 us (0.0%)
[Performance] PresetManagerPostProcessor.OnPreprocessAsset                                                                                                 :        2 samples, Peak.  1.17 ms (2.0x), Avg.   595 us, Total. 1.190 ms (0.0%)
[Performance] CancelSplashScreenOnAssetChange.OnPreprocessAsset                                                                                            :        2 samples, Peak.   146 us (2.0x), Avg.  74.4 us, Total. 148.8 us (0.0%)
[Performance] InitializeOnLoad InputSystem                                                                                                                 :        1 samples, Peak.  63.5 ms (1.0x), Avg.  63.5 ms, Total. 63.52 ms (0.3%)
[Performance] InitializeOnLoad TouchSimulation                                                                                                             :        1 samples, Peak.   158 us (1.0x), Avg.   158 us, Total. 157.9 us (0.0%)
[Performance] InitializeOnLoad XRHandsEditmodeUsageEvent                                                                                                   :        1 samples, Peak.   313 us (1.0x), Avg.   313 us, Total. 312.8 us (0.0%)
[Performance] InitializeOnLoad XRHandsPlaymodeUsageEvent                                                                                                   :        1 samples, Peak.   106 us (1.0x), Avg.   106 us, Total. 105.9 us (0.0%)
[Performance] InitializeOnLoad XRHandDevice                                                                                                                :        1 samples, Peak.   281 us (1.0x), Avg.   281 us, Total. 281.2 us (0.0%)
[Performance] InitializeOnLoad MetaAimHand                                                                                                                 :        1 samples, Peak.   150 us (1.0x), Avg.   150 us, Total. 150.2 us (0.0%)
[Performance] InitializeOnLoad AnalyticsPlayModeUsageHooks                                                                                                 :        1 samples, Peak.   150 us (1.0x), Avg.   150 us, Total. 149.7 us (0.0%)
[Performance] InitializeOnLoad FeatureRampUpManager                                                                                                        :        1 samples, Peak.   656 us (1.0x), Avg.   656 us, Total. 655.5 us (0.0%)
[Performance] InitializeOnLoad PrefabLayoutRebuilder                                                                                                       :        1 samples, Peak.   241 us (1.0x), Avg.   241 us, Total. 240.9 us (0.0%)
[Performance] InitializeOnLoad PlatformSettings                                                                                                            :        1 samples, Peak.  5.50 us (1.0x), Avg.  5.50 us, Total. 5.500 us (0.0%)
[Performance] InitializeOnLoad RemoteNotificationManager                                                                                                   :        1 samples, Peak.   468 us (1.0x), Avg.   468 us, Total. 467.9 us (0.0%)
[Performance] InitializeOnLoad XRGeneralSettingsPerBuildTarget                                                                                             :        1 samples, Peak.   469 us (1.0x), Avg.   469 us, Total. 468.5 us (0.0%)
[Performance] InitializeOnLoad XRLegacyUninstaller                                                                                                         :        1 samples, Peak.  7.77 ms (1.0x), Avg.  7.77 ms, Total. 7.770 ms (0.0%)
[Performance] InitializeOnLoad XRPackageInitializationBootstrap                                                                                            :        1 samples, Peak.  80.0 us (1.0x), Avg.  80.0 us, Total. 80.00 us (0.0%)
[Performance] InitializeOnLoad XRPackageMetadataStore                                                                                                      :        1 samples, Peak.   456 us (1.0x), Avg.   456 us, Total. 455.6 us (0.0%)
[Performance] InitializeOnLoad ScriptableSettingsInitializer                                                                                               :        1 samples, Peak.   203 us (1.0x), Avg.   203 us, Total. 202.5 us (0.0%)
[Performance] InitializeOnLoad BuildValidator                                                                                                              :        1 samples, Peak.   626 us (1.0x), Avg.   626 us, Total. 625.7 us (0.0%)
[Performance] InitializeOnLoad Dropdown                                                                                                                    :        1 samples, Peak.  5.02 ms (1.0x), Avg.  5.02 ms, Total. 5.017 ms (0.0%)
[Performance] InitializeOnLoad OVREngineConfigurationUpdater                                                                                               :        1 samples, Peak.  4.93 ms (1.0x), Avg.  4.93 ms, Total. 4.929 ms (0.0%)
[Performance] InitializeOnLoad OVRProjectSetupXRTasks                                                                                                      :        1 samples, Peak.  54.4 ms (1.0x), Avg.  54.4 ms, Total. 54.39 ms (0.2%)
[Performance] InitializeOnLoad OVRSceneChangeListener                                                                                                      :        1 samples, Peak.   302 us (1.0x), Avg.   302 us, Total. 301.8 us (0.0%)
[Performance] InitializeOnLoad UPSTContentManager                                                                                                          :        1 samples, Peak.   194 ms (1.0x), Avg.   194 ms, Total. 194.5 ms (0.8%)
[Performance] InitializeOnLoad SampleMetadataTelemetry                                                                                                     :        1 samples, Peak.   293 us (1.0x), Avg.   293 us, Total. 292.9 us (0.0%)
[Performance] InitializeOnLoad OVRProjectSetupMovementSDKTasks2                                                                                            :        1 samples, Peak.  5.80 ms (1.0x), Avg.  5.80 ms, Total. 5.802 ms (0.0%)
[Performance] InitializeOnLoad OVRConfig                                                                                                                   :        1 samples, Peak.  17.8 us (1.0x), Avg.  17.8 us, Total. 17.80 us (0.0%)
[Performance] InitializeOnLoad OVRProjectSetupOverlayTasks                                                                                                 :        1 samples, Peak.  1.51 ms (1.0x), Avg.  1.51 ms, Total. 1.511 ms (0.0%)
[Performance] InitializeOnLoad OVREditorUtils                                                                                                              :        1 samples, Peak.  2.25 ms (1.0x), Avg.  2.25 ms, Total. 2.251 ms (0.0%)
[Performance] InitializeOnLoad OVRProjectSetupUpdater                                                                                                      :        1 samples, Peak.  2.10 us (1.0x), Avg.  2.10 us, Total. 2.100 us (0.0%)
[Performance] InitializeOnLoad OptimizeTextureCompression                                                                                                  :        1 samples, Peak.  32.3 ms (1.0x), Avg.  32.3 ms, Total. 32.28 ms (0.1%)
[Performance] InitializeOnLoad OVREditorStart                                                                                                              :        1 samples, Peak.   268 us (1.0x), Avg.   268 us, Total. 268.1 us (0.0%)
[Performance] InitializeOnLoad FeatureStatusReporter                                                                                                       :        1 samples, Peak.  3.63 ms (1.0x), Avg.  3.63 ms, Total. 3.629 ms (0.0%)
[Performance] InitializeOnLoad OVRPlatformToolSettings                                                                                                     :        1 samples, Peak.   140 us (1.0x), Avg.   140 us, Total. 140.2 us (0.0%)
[Performance] InitializeOnLoad AndroidCompatibility                                                                                                        :        1 samples, Peak.  3.73 ms (1.0x), Avg.  3.73 ms, Total. 3.731 ms (0.0%)
[Performance] InitializeOnLoad OVRProjectSetupRenderingTasks                                                                                               :        1 samples, Peak.  9.41 ms (1.0x), Avg.  9.41 ms, Total. 9.405 ms (0.0%)
[Performance] InitializeOnLoad OVRProjectSetupQualityTasks                                                                                                 :        1 samples, Peak.  3.77 ms (1.0x), Avg.  3.77 ms, Total. 3.774 ms (0.0%)
[Performance] InitializeOnLoad OVRGradleGeneration                                                                                                         :        1 samples, Peak.   293 us (1.0x), Avg.   293 us, Total. 293.0 us (0.0%)
[Performance] InitializeOnLoad OVRProjectSetupDeviceTasks                                                                                                  :        1 samples, Peak.  1.99 ms (1.0x), Avg.  1.99 ms, Total. 1.991 ms (0.0%)
[Performance] InitializeOnLoad OVRProjectSetupMiscTasks                                                                                                    :        1 samples, Peak.  1.23 ms (1.0x), Avg.  1.23 ms, Total. 1.228 ms (0.0%)
[Performance] InitializeOnLoad OVRSceneOpen                                                                                                                :        1 samples, Peak.   802 us (1.0x), Avg.   802 us, Total. 801.8 us (0.0%)
[Performance] InitializeOnLoad OVRProjectConfig                                                                                                            :        1 samples, Peak.  15.4 us (1.0x), Avg.  15.4 us, Total. 15.40 us (0.0%)
[Performance] InitializeOnLoad OVRProjectSetupPassthrough                                                                                                  :        1 samples, Peak.  9.77 ms (1.0x), Avg.  9.77 ms, Total. 9.766 ms (0.0%)
[Performance] InitializeOnLoad MetaXRSimulatorCompatibility                                                                                                :        1 samples, Peak.  1.89 ms (1.0x), Avg.  1.89 ms, Total. 1.892 ms (0.0%)
[Performance] InitializeOnLoad ConsoleLinkEventHandler                                                                                                     :        1 samples, Peak.  2.40 us (1.0x), Avg.  2.40 us, Total. 2.400 us (0.0%)
[Performance] InitializeOnLoad OculusBuildApp                                                                                                              :        1 samples, Peak.  12.9 us (1.0x), Avg.  12.9 us, Total. 12.90 us (0.0%)
[Performance] InitializeOnLoad OVRProjectSetupPhysicsTasks                                                                                                 :        1 samples, Peak.  2.40 ms (1.0x), Avg.  2.40 ms, Total. 2.403 ms (0.0%)
[Performance] InitializeOnLoad OVRProjectSetupXRRuntimeTasks                                                                                               :        1 samples, Peak.  1.27 ms (1.0x), Avg.  1.27 ms, Total. 1.265 ms (0.0%)
[Performance] InitializeOnLoad OVREditorShutdown                                                                                                           :        1 samples, Peak.   330 us (1.0x), Avg.   330 us, Total. 329.6 us (0.0%)
[Performance] InitializeOnLoad OVRPluginInfoOpenXR                                                                                                         :        1 samples, Peak.  1.90 us (1.0x), Avg.  1.90 us, Total. 1.900 us (0.0%)
[Performance] InitializeOnLoad OVRProjectSetupCompatibilityTasks                                                                                           :        1 samples, Peak.  2.98 ms (1.0x), Avg.  2.98 ms, Total. 2.983 ms (0.0%)
[Performance] InitializeOnLoad OVRProjectSetupEntitlementTasks                                                                                             :        1 samples, Peak.  2.49 ms (1.0x), Avg.  2.49 ms, Total. 2.486 ms (0.0%)
[Performance] InitializeOnLoad PackageList                                                                                                                 :        2 samples, Peak.   240 us (2.0x), Avg.   120 us, Total. 240.9 us (0.0%)
[Performance] InitializeOnLoad Utils                                                                                                                       :        4 samples, Peak.  2.68 ms (2.7x), Avg.   981 us, Total. 3.923 ms (0.0%)
[Performance] InitializeOnLoad OVRProjectSetupSceneTasks                                                                                                   :        1 samples, Peak.   742 us (1.0x), Avg.   742 us, Total. 742.1 us (0.0%)
[Performance] InitializeOnLoad Toolbar                                                                                                                     :        1 samples, Peak.  2.82 ms (1.0x), Avg.  2.82 ms, Total. 2.816 ms (0.0%)
[Performance] InitializeOnLoad Manager                                                                                                                     :        1 samples, Peak.  2.22 ms (1.0x), Avg.  2.22 ms, Total. 2.225 ms (0.0%)
[Performance] InitializeOnLoad CoreStatsIntegration                                                                                                        :        1 samples, Peak.   340 us (1.0x), Avg.   340 us, Total. 340.1 us (0.0%)
[Performance] InitializeOnLoad MetaXRAudioSettings                                                                                                         :        1 samples, Peak.  6.00 us (1.0x), Avg.  6.00 us, Total. 6.000 us (0.0%)
[Performance] InitializeOnLoad EditorTelemetry                                                                                                             :        1 samples, Peak.   757 us (1.0x), Avg.   757 us, Total. 756.5 us (0.0%)
[Performance] InitializeOnLoad WitUnderstandingViewerVoiceServiceAPI                                                                                       :        1 samples, Peak.   332 us (1.0x), Avg.   332 us, Total. 332.5 us (0.0%)
[Performance] InitializeOnLoad WitConfigurationEditor                                                                                                      :        1 samples, Peak.  6.79 ms (1.0x), Avg.  6.79 ms, Total. 6.785 ms (0.0%)
[Performance] InitializeOnLoad NotificationsScheduler                                                                                                      :        1 samples, Peak.   251 us (1.0x), Avg.   251 us, Total. 251.3 us (0.0%)
[Performance] InitializeOnLoad CameraRigSetupRules                                                                                                         :        1 samples, Peak.   925 us (1.0x), Avg.   925 us, Total. 925.5 us (0.0%)
[Performance] InitializeOnLoad SetupRules                                                                                                                  :        1 samples, Peak.  3.73 ms (1.0x), Avg.  3.73 ms, Total. 3.730 ms (0.0%)
[Performance] InitializeOnLoad SharedSpatialAnchorCoreSetupRules                                                                                           :        1 samples, Peak.   472 us (1.0x), Avg.   472 us, Total. 472.3 us (0.0%)
[Performance] InitializeOnLoad SpatialAudioSetupRules                                                                                                      :        1 samples, Peak.  5.79 ms (1.0x), Avg.  5.79 ms, Total. 5.785 ms (0.0%)
[Performance] InitializeOnLoad CustomTagBehaviors                                                                                                          :        1 samples, Peak.  23.3 ms (1.0x), Avg.  23.3 ms, Total. 23.27 ms (0.1%)
[Performance] InitializeOnLoad VoiceSDKConfigurationSetupRules                                                                                             :        1 samples, Peak.  3.23 ms (1.0x), Avg.  3.23 ms, Total. 3.226 ms (0.0%)
[Performance] InitializeOnLoad CustomHierarchyIcon                                                                                                         :        1 samples, Peak.   440 us (1.0x), Avg.   440 us, Total. 440.4 us (0.0%)
[Performance] InitializeOnLoad RoomMeshRules                                                                                                               :        1 samples, Peak.  1.39 ms (1.0x), Avg.  1.39 ms, Total. 1.392 ms (0.0%)
[Performance] InitializeOnLoad HandTrackingSetupRules                                                                                                      :        1 samples, Peak.  1.03 ms (1.0x), Avg.  1.03 ms, Total. 1.025 ms (0.0%)
[Performance] InitializeOnLoad SpatialAnchorCoreSetupRules                                                                                                 :        1 samples, Peak.   489 us (1.0x), Avg.   489 us, Total. 489.1 us (0.0%)
[Performance] InitializeOnLoad PassthroughBuildingBlockRules                                                                                               :        1 samples, Peak.   418 us (1.0x), Avg.   418 us, Total. 417.6 us (0.0%)
[Performance] InitializeOnLoad SceneListener                                                                                                               :        1 samples, Peak.   559 us (1.0x), Avg.   559 us, Total. 559.3 us (0.0%)
[Performance] InitializeOnLoad BlocksContentManager                                                                                                        :        1 samples, Peak.  1.30 us (1.0x), Avg.  1.30 us, Total. 1.300 us (0.0%)
[Performance] InitializeOnLoad PassthroughCameraAccessProjectSetup                                                                                         :        1 samples, Peak.   469 us (1.0x), Avg.   469 us, Total. 469.2 us (0.0%)
[Performance] InitializeOnLoad OVRProjectSetupMRUK                                                                                                         :        1 samples, Peak.   708 us (1.0x), Avg.   708 us, Total. 708.5 us (0.0%)
[Performance] InitializeOnLoad BackgroundWatcher                                                                                                           :        1 samples, Peak.   152 us (1.0x), Avg.   152 us, Total. 151.8 us (0.0%)
[Performance] InitializeOnLoad UnityTestProtocolStarter                                                                                                    :        1 samples, Peak.   398 us (1.0x), Avg.   398 us, Total. 398.2 us (0.0%)
[Performance] InitializeOnLoad TestStarter                                                                                                                 :        1 samples, Peak.  1.05 ms (1.0x), Avg.  1.05 ms, Total. 1.048 ms (0.0%)
[Performance] InitializeOnLoad RerunCallbackInitializer                                                                                                    :        1 samples, Peak.  7.03 ms (1.0x), Avg.  7.03 ms, Total. 7.027 ms (0.0%)
[Performance] InitializeOnLoad AIBlocksSetupRules                                                                                                          :        1 samples, Peak.  3.56 ms (1.0x), Avg.  3.56 ms, Total. 3.561 ms (0.0%)
[Performance] InitializeOnLoad RemoteProviderProfileRegistry                                                                                               :        1 samples, Peak.  7.69 ms (1.0x), Avg.  7.69 ms, Total. 7.692 ms (0.0%)
[Performance] InitializeOnLoad InteractionAutoWiring                                                                                                       :        1 samples, Peak.  3.11 ms (1.0x), Avg.  3.11 ms, Total. 3.108 ms (0.0%)
[Performance] InitializeOnLoad PackageUpgradeOpenXR                                                                                                        :        1 samples, Peak.  6.10 us (1.0x), Avg.  6.10 us, Total. 6.100 us (0.0%)
[Performance] InitializeOnLoad AutoWiring                                                                                                                  :        1 samples, Peak.   300 ns (1.0x), Avg.   300 ns, Total. 300.0 ns (0.0%)
[Performance] InitializeOnLoad UnityObjectAddedBroadcaster                                                                                                 :        1 samples, Peak.   200 ns (1.0x), Avg.   200 ns, Total. 200.0 ns (0.0%)
[Performance] InitializeOnLoad PluginUpdater                                                                                                               :        1 samples, Peak.   205 us (1.0x), Avg.   205 us, Total. 205.4 us (0.0%)
[Performance] InitializeOnLoad ISDKBlocksRules                                                                                                             :        1 samples, Peak.   117 us (1.0x), Avg.   117 us, Total. 117.3 us (0.0%)
[Performance] InitializeOnLoad ProjectSetupTasks                                                                                                           :        1 samples, Peak.  1.13 ms (1.0x), Avg.  1.13 ms, Total. 1.126 ms (0.0%)
[Performance] InitializeOnLoad OVRAutoWiring                                                                                                               :        1 samples, Peak.   534 us (1.0x), Avg.   534 us, Total. 533.8 us (0.0%)
[Performance] InitializeOnLoad VSCodeScriptEditor                                                                                                          :        1 samples, Peak.  16.0 ms (1.0x), Avg.  16.0 ms, Total. 16.01 ms (0.1%)
[Performance] InitializeOnLoad ColocationSessionSetupRules                                                                                                 :        1 samples, Peak.  1.71 ms (1.0x), Avg.  1.71 ms, Total. 1.709 ms (0.0%)
[Performance] InitializeOnLoad MetaXRAudioPluginUpdater                                                                                                    :        1 samples, Peak.  3.05 ms (1.0x), Avg.  3.05 ms, Total. 3.047 ms (0.0%)
[Performance] InitializeOnLoad MetaXRAcousticMapEditor                                                                                                     :        1 samples, Peak.   203 us (1.0x), Avg.   203 us, Total. 203.3 us (0.0%)
[Performance] InitializeOnLoad PlasticPlugin                                                                                                               :        1 samples, Peak.  86.5 ms (1.0x), Avg.  86.5 ms, Total. 86.47 ms (0.4%)
[Performance] InitializeOnLoad ToolbarBootstrap                                                                                                            :        1 samples, Peak.   380 ms (1.0x), Avg.   380 ms, Total. 380.0 ms (1.6%)
[Performance] Package.AsyncRequest                                                                                                                         :       10 samples, Peak.  3.43 ms (2.1x), Avg.  1.61 ms, Total. 16.08 ms (0.1%)
[Performance] InitializeOnLoad VisualStudioEditor                                                                                                          :        1 samples, Peak.  17.4 ms (1.0x), Avg.  17.4 ms, Total. 17.38 ms (0.1%)
[Performance] InitializeOnLoad TestRunnerApiListener                                                                                                       :        1 samples, Peak.  1.97 ms (1.0x), Avg.  1.97 ms, Total. 1.971 ms (0.0%)
[Performance] InitializeOnLoad VisualStudioIntegration                                                                                                     :        1 samples, Peak.  14.5 ms (1.0x), Avg.  14.5 ms, Total. 14.48 ms (0.1%)
[Performance] InitializeOnLoad AnalyticsImporter                                                                                                           :        1 samples, Peak.  4.17 ms (1.0x), Avg.  4.17 ms, Total. 4.168 ms (0.0%)
[Performance] InitializeOnLoad AnalyticsEventTrackerEditorCallbacks                                                                                        :        1 samples, Peak.  1.56 ms (1.0x), Avg.  1.56 ms, Total. 1.563 ms (0.0%)
[Performance] InitializeOnLoad ProjectSetupDepthAPI                                                                                                        :        1 samples, Peak.  10.6 ms (1.0x), Avg.  10.6 ms, Total. 10.60 ms (0.0%)
[Performance] InitializeOnLoad ToolbarItem                                                                                                                 :        1 samples, Peak.  2.51 ms (1.0x), Avg.  2.51 ms, Total. 2.509 ms (0.0%)
[Performance] InitializeOnLoad XRSimPlayModeHandler                                                                                                        :        1 samples, Peak.   372 us (1.0x), Avg.   372 us, Total. 371.7 us (0.0%)
[Performance] InitializeOnLoad LearnGuide                                                                                                                  :        1 samples, Peak.  25.3 ms (1.0x), Avg.  25.3 ms, Total. 25.26 ms (0.1%)
[Performance] InitializeOnLoad About                                                                                                                       :        1 samples, Peak.  1.68 ms (1.0x), Avg.  1.68 ms, Total. 1.679 ms (0.0%)
[Performance] InitializeOnLoad PhotonVoiceCustomPackageDependency                                                                                          :        1 samples, Peak.  2.98 ms (1.0x), Avg.  2.98 ms, Total. 2.976 ms (0.0%)
[Performance] InitializeOnLoad PhotonPackagesImportProcessor                                                                                               :        1 samples, Peak.  5.35 ms (1.0x), Avg.  5.35 ms, Total. 5.349 ms (0.0%)
[Performance] InitializeOnLoad FusionCustomPackageDependency                                                                                               :        1 samples, Peak.   352 us (1.0x), Avg.   352 us, Total. 352.4 us (0.0%)
[Performance] InitializeOnLoad RiderScriptEditor                                                                                                           :        1 samples, Peak.  14.2 ms (1.0x), Avg.  14.2 ms, Total. 14.23 ms (0.1%)
[Performance] InitializeOnLoad CallbackInitializer                                                                                                         :        1 samples, Peak.  3.17 ms (1.0x), Avg.  3.17 ms, Total. 3.169 ms (0.0%)
[Performance] InitializeOnLoad SpriteEditorWindow                                                                                                          :        1 samples, Peak.   933 us (1.0x), Avg.   933 us, Total. 932.8 us (0.0%)
[Performance] InitializeOnLoad OVRProjectSetupMovementSDKConfigurationTasks                                                                                :        1 samples, Peak.  2.83 ms (1.0x), Avg.  2.83 ms, Total. 2.825 ms (0.0%)
[Performance] InitializeOnLoad AssetLibrarySession                                                                                                         :        1 samples, Peak.  9.80 ms (1.0x), Avg.  9.80 ms, Total. 9.800 ms (0.0%)
[Performance] InitializeOnLoad VoiceSDKVersion                                                                                                             :        1 samples, Peak.  1.96 ms (1.0x), Avg.  1.96 ms, Total. 1.962 ms (0.0%)
[Performance] InitializeOnLoad XRHandCaptureEditorCallbacks                                                                                                :        1 samples, Peak.   229 us (1.0x), Avg.   229 us, Total. 229.0 us (0.0%)
[Performance] InitializeOnLoad RuntimeOptimizer                                                                                                            :        1 samples, Peak.   405 us (1.0x), Avg.   405 us, Total. 404.6 us (0.0%)
[Performance] InitializeOnLoad NavigationWindow                                                                                                            :        1 samples, Peak.  1.14 ms (1.0x), Avg.  1.14 ms, Total. 1.141 ms (0.0%)
[Performance] InitializeOnLoad Settings                                                                                                                    :        1 samples, Peak.   471 us (1.0x), Avg.   471 us, Total. 470.9 us (0.0%)
[Performance] InitializeOnLoad PopupDisplayer                                                                                                              :        1 samples, Peak.   279 us (1.0x), Avg.   279 us, Total. 279.5 us (0.0%)
[Performance] InitializeOnLoad SceneViewGridManager.Initialize                                                                                             :        1 samples, Peak.  15.7 ms (1.0x), Avg.  15.7 ms, Total. 15.68 ms (0.1%)
[Performance] InitializeOnLoad TilemapPrefabStageHelper.Initialize                                                                                         :        1 samples, Peak.  5.19 ms (1.0x), Avg.  5.19 ms, Total. 5.186 ms (0.0%)
[Performance] InitializeOnLoad SceneViewOpenTilePaletteHelper.Initialize                                                                                   :        1 samples, Peak.  6.21 ms (1.0x), Avg.  6.21 ms, Total. 6.211 ms (0.0%)
[Performance] InitializeOnLoad TileDragAndDropManager.Initialize                                                                                           :        1 samples, Peak.  3.71 ms (1.0x), Avg.  3.71 ms, Total. 3.707 ms (0.0%)
[Performance] InitializeOnLoad EditorGameServiceRegistry.RegisterAllServices                                                                               :        1 samples, Peak.  11.9 ms (1.0x), Avg.  11.9 ms, Total. 11.93 ms (0.1%)
[Performance] InitializeOnLoad ActionSchedulerCleaner.RegisterSchedulerCleaner                                                                             :        1 samples, Peak.   153 us (1.0x), Avg.   153 us, Total. 152.7 us (0.0%)
[Performance] InitializeOnLoad ServiceInstallationListener.RegisterToEvents                                                                                :        1 samples, Peak.   398 us (1.0x), Avg.   398 us, Total. 398.4 us (0.0%)
[Performance] InitializeOnLoad CoreUtilsAnalytics.RegisterEvents                                                                                           :        1 samples, Peak.   847 us (1.0x), Avg.   847 us, Total. 847.0 us (0.0%)
[Performance] InitializeOnLoad CompilationProcessor.OnLoad                                                                                                 :        1 samples, Peak.   370 us (1.0x), Avg.   370 us, Total. 369.7 us (0.0%)
[Performance] InitializeOnLoad SampleMetadata.OnScriptReloaded                                                                                             :        1 samples, Peak.   252 us (1.0x), Avg.   252 us, Total. 252.1 us (0.0%)
[Performance] InitializeOnLoad RuntimeSettings.RegisterPlaymodeListener                                                                                    :        1 samples, Peak.   121 us (1.0x), Avg.   121 us, Total. 121.1 us (0.0%)
[Performance] InitializeOnLoad AssemblyParser.OnLoad                                                                                                       :        1 samples, Peak.   405 us (1.0x), Avg.   405 us, Total. 404.8 us (0.0%)
[Performance] InitializeOnLoad VisualStudioEditor.LegacyVisualStudioCodePackageDisabler                                                                    :        1 samples, Peak.  3.86 ms (1.0x), Avg.  3.86 ms, Total. 3.858 ms (0.0%)
[Performance] InitializeOnLoad OVROpenXRUpgradeHandler.Init                                                                                                :        1 samples, Peak.   260 us (1.0x), Avg.   260 us, Total. 259.9 us (0.0%)
[Performance] InitializeOnLoad CredentialAutoRegistrar.Init                                                                                                :        1 samples, Peak.   200 us (1.0x), Avg.   200 us, Total. 200.5 us (0.0%)
[Performance] InitializeOnLoad EngineStateHelper.Init                                                                                                      :        1 samples, Peak.   298 us (1.0x), Avg.   298 us, Total. 298.1 us (0.0%)
[Performance] InitializeOnLoad ThreadHelper.Init                                                                                                           :        1 samples, Peak.   396 us (1.0x), Avg.   396 us, Total. 395.7 us (0.0%)
[Performance] InitializeOnLoad TestJobDataHolder.ResumeRunningJobs                                                                                         :        1 samples, Peak.  5.38 ms (1.0x), Avg.  5.38 ms, Total. 5.384 ms (0.0%)
[Performance] InitializeOnLoad AnalyticsReporter.RegisterCallbacks                                                                                         :        1 samples, Peak.  2.30 ms (1.0x), Avg.  2.30 ms, Total. 2.298 ms (0.0%)
[Performance] InitializeOnLoad UnityThreadUtils.CaptureUnityThreadInfo                                                                                     :        1 samples, Peak.   494 us (1.0x), Avg.   494 us, Total. 494.3 us (0.0%)
[Performance] DidReloadScriptsAdvancedDropdownWindow.OnScriptReload                                                                                        :        2 samples, Peak.   287 us (1.0x), Avg.   276 us, Total. 551.9 us (0.0%)
[Performance] DidReloadScriptsConduitManifestGenerationManager.OnScriptsReloaded                                                                           :        1 samples, Peak.   552 us (1.0x), Avg.   552 us, Total. 551.5 us (0.0%)
[Performance] DidReloadScriptsPackageVersionUtility.OnReloadScripts                                                                                        :        1 samples, Peak.  89.2 us (1.0x), Avg.  89.2 us, Total. 89.20 us (0.0%)
[Performance] DidReloadScriptsCompilationProcessor.OnScriptsReloaded                                                                                       :        1 samples, Peak.  41.3 us (1.0x), Avg.  41.3 us, Total. 41.30 us (0.0%)
[Performance] DidReloadScriptsOVRManager.ScriptsReloaded                                                                                                   :        1 samples, Peak.  18.5 us (1.0x), Avg.  18.5 us, Total. 18.50 us (0.0%)
[Performance] DidReloadScriptsTestRunnerWindow.CompilationCallback                                                                                         :        1 samples, Peak.   154 us (1.0x), Avg.   154 us, Total. 154.3 us (0.0%)
[Performance] DidReloadScriptsTestListCache.ScriptReloaded                                                                                                 :        1 samples, Peak.  1.97 ms (1.0x), Avg.  1.97 ms, Total. 1.970 ms (0.0%)
[Performance] AssemblyReloadEvents.afterAssemblyReload: UnityEditor.XR.Management.Metadata.XRPackageMetadataStore.AssemblyReloadEvents_afterAssemblyReload :        1 samples, Peak.  6.59 ms (1.0x), Avg.  6.59 ms, Total. 6.589 ms (0.0%)
[Performance] AssetDatabase.ImportAssets                                                                                                                   :        6 samples, Peak.  2.30 us (2.6x), Avg.   883 ns, Total. 5.300 us (0.0%)
[Performance] VersionControl.Task.Wait                                                                                                                     :        1 samples, Peak.  23.1 us (1.0x), Avg.  23.1 us, Total. 23.10 us (0.0%)
[Performance] WitConfigurationPostprocessor.OnPostprocessAllAssets                                                                                         :        4 samples, Peak.   431 us (2.3x), Avg.   184 us, Total. 735.7 us (0.0%)
[Performance] AssetPostProcessor.OnPostprocessAllAssets                                                                                                    :        8 samples, Peak.  1.17 s (4.0x), Avg.   292 ms, Total. 2.339 s (10.0%)
[Performance] SceneRenameHandler.OnPostprocessAllAssets                                                                                                    :        4 samples, Peak.   678 us (2.0x), Avg.   338 us, Total. 1.352 ms (0.0%)
[Performance] TMPro_TexturePostProcessor.OnPostprocessAllAssets                                                                                            :        4 samples, Peak.   994 us (2.0x), Avg.   504 us, Total. 2.017 ms (0.0%)
[Performance] AssetPostprocessor.OnPostprocessAllAssets                                                                                                    :        4 samples, Peak.   609 us (2.0x), Avg.   305 us, Total. 1.221 ms (0.0%)
[Performance] BuilderAssetPostprocessor.OnPostprocessAllAssets                                                                                             :        4 samples, Peak.  4.23 ms (2.0x), Avg.  2.13 ms, Total. 8.512 ms (0.0%)
[Performance] ArtifactBrowserPostProcessor.OnPostprocessAllAssets                                                                                          :        4 samples, Peak.   562 us (2.0x), Avg.   282 us, Total. 1.126 ms (0.0%)
[Performance] AssetEvents.OnPostprocessAllAssets                                                                                                           :        8 samples, Peak.   369 us (3.3x), Avg.   110 us, Total. 881.6 us (0.0%)
[Performance] AudioMixerPostprocessor.OnPostprocessAllAssets                                                                                               :        4 samples, Peak.   344 us (2.0x), Avg.   173 us, Total. 690.6 us (0.0%)
[Performance] StyleCatalogPostProcessor.OnPostprocessAllAssets                                                                                             :        4 samples, Peak.  25.3 ms (2.0x), Avg.  12.6 ms, Total. 50.59 ms (0.2%)
[Performance] BuildCatalog                                                                                                                                 :        1 samples, Peak.  23.9 ms (1.0x), Avg.  23.9 ms, Total. 23.91 ms (0.1%)
[Performance] ModelImporterPostProcessor.OnPostprocessAllAssets                                                                                            :        4 samples, Peak.  2.25 ms (2.0x), Avg.  1.15 ms, Total. 4.602 ms (0.0%)
[Performance] RetainedModeAssetPostprocessor.OnPostprocessAllAssets                                                                                        :        4 samples, Peak.  2.80 ms (2.0x), Avg.  1.41 ms, Total. 5.639 ms (0.0%)
[Performance] AssetChangedListener.OnPostprocessAllAssets                                                                                                  :        4 samples, Peak.  1.92 ms (2.0x), Avg.   978 us, Total. 3.911 ms (0.0%)
[Performance] SpeedTreePostProcessor.OnPostprocessAllAssets                                                                                                :        4 samples, Peak.   193 us (1.9x), Avg.   101 us, Total. 402.3 us (0.0%)
[Performance] TextAssetPostProcessor.OnPostprocessAllAssets                                                                                                :        4 samples, Peak.   502 us (2.0x), Avg.   255 us, Total. 1.021 ms (0.0%)
[Performance] AssetProcessor.OnPostprocessAllAssets                                                                                                        :       12 samples, Peak.  2.08 ms (3.5x), Avg.   586 us, Total. 7.029 ms (0.0%)
[Performance] SpriteEditorTexturePostprocessor.OnPostprocessAllAssets                                                                                      :        4 samples, Peak.   327 us (1.2x), Avg.   266 us, Total. 1.063 ms (0.0%)
[Performance] AssetCallbacks.OnPostprocessAllAssets                                                                                                        :        4 samples, Peak.  99.0 ms (2.0x), Avg.  49.5 ms, Total. 198.0 ms (0.8%)
[Performance] SyncVS.PostprocessSyncProject                                                                                                                :        2 samples, Peak.  6.83 ms (1.9x), Avg.  3.51 ms, Total. 7.023 ms (0.0%)
[Performance] Application.ImportPackagesAndSetTemplateWhenCreatingProject                                                                                  :        1 samples, Peak.  17.6 ms (1.0x), Avg.  17.6 ms, Total. 17.65 ms (0.1%)
[Performance] Application.SyncCurrentColorSpace                                                                                                            :        1 samples, Peak.   219 ms (1.0x), Avg.   219 ms, Total. 219.4 ms (0.9%)
[Performance] Application.OnUsbDevicesChanged                                                                                                              :        1 samples, Peak.   901 us (1.0x), Avg.   901 us, Total. 901.0 us (0.0%)
[Performance] Application.AssetInstanceCacheUpdate                                                                                                         :        1 samples, Peak.   400 ns (1.0x), Avg.   400 ns, Total. 400.0 ns (0.0%)
[Performance] Application.UnityExtensions.Initialize                                                                                                       :        1 samples, Peak.  7.66 ms (1.0x), Avg.  7.66 ms, Total. 7.659 ms (0.0%)
[Performance] CodeEditorProjectSync.SyncEditorProject                                                                                                      :        1 samples, Peak.   295 ms (1.0x), Avg.   295 ms, Total. 294.7 ms (1.3%)
[Performance] Application.ExecuteStartups                                                                                                                  :        1 samples, Peak.   110 ms (1.0x), Avg.   110 ms, Total. 110.2 ms (0.5%)
[Performance] Menu.RegisterMenuInterface                                                                                                                   :       26 samples, Peak.  2.40 us (7.6x), Avg.   315 ns, Total. 8.200 us (0.0%)
[Performance] Gizmo.RebuildRenderers                                                                                                                       :        1 samples, Peak.   108 ms (1.0x), Avg.   108 ms, Total. 108.4 ms (0.5%)
[Performance] Gizmo.AddGizmoRenderers                                                                                                                      :      177 samples, Peak.  1.92 ms (74.5x), Avg.  25.7 us, Total. 4.553 ms (0.0%)
[Performance] Application.editorInitializingProject                                                                                                        :        1 samples, Peak.   295 ms (1.0x), Avg.   295 ms, Total. 295.5 ms (1.3%)
[Performance] Application.InitializeMenu                                                                                                                   :        1 samples, Peak.   938 ms (1.0x), Avg.   938 ms, Total. 938.4 ms (4.0%)
[Performance] Menu.RebuildAll                                                                                                                              :        1 samples, Peak.   938 ms (1.0x), Avg.   938 ms, Total. 938.4 ms (4.0%)
[Performance] Menu.BuildRegisteredMenuInterfaces                                                                                                           :        1 samples, Peak.   933 ms (1.0x), Avg.   933 ms, Total. 933.0 ms (4.0%)
[Performance] Menu.FilterMenuItem                                                                                                                          :     1379 samples, Peak.  21.1 ms (1338.6x), Avg.  15.8 us, Total. 21.75 ms (0.1%)
[Performance] UpdateAllMenus                                                                                                                               :        1 samples, Peak.   778 us (1.0x), Avg.   778 us, Total. 778.1 us (0.0%)
[Performance] Menu.RebuildOSMainMenu                                                                                                                       :        2 samples, Peak.  4.09 ms (1.0x), Avg.  4.08 ms, Total. 8.161 ms (0.0%)
[Performance] EditorSceneManager.sceneClosing: UnityEditor.SceneVisibilityManager.EditorSceneManagerOnSceneClosing                                         :        2 samples, Peak.   737 us (2.0x), Avg.   373 us, Total. 745.1 us (0.0%)
[Performance] EditorSceneManager.sceneClosed: OVRSceneOpen.OnSceneClosed                                                                                   :        2 samples, Peak.  1.53 ms (2.0x), Avg.   772 us, Total. 1.544 ms (0.0%)
[Performance] GUIView.RepaintAll.PlayerLoopController                                                                                                      :        1 samples, Peak.  1.10 us (1.0x), Avg.  1.10 us, Total. 1.100 us (0.0%)
[Performance] EditorSceneManager.newSceneCreated: UnityEditor.SceneTemplate.SceneTemplateService.OnNewSceneCreated                                         :        1 samples, Peak.   347 us (1.0x), Avg.   347 us, Total. 347.0 us (0.0%)
[Performance] EditorSceneManager.newSceneCreated: UnityEditor.SceneVisibilityManager.EditorSceneManagerOnNewSceneCreated                                   :        1 samples, Peak.   273 us (1.0x), Avg.   273 us, Total. 272.9 us (0.0%)
[Performance] EditorSceneManager.newSceneCreated: UnityEditor.SceneManagement.StageNavigationManager.OnNewSceneCreated                                     :        1 samples, Peak.  67.7 us (1.0x), Avg.  67.7 us, Total. 67.70 us (0.0%)
[Performance] Application.InvokeFinishedLoadingProject                                                                                                     :        1 samples, Peak.  17.3 ms (1.0x), Avg.  17.3 ms, Total. 17.25 ms (0.1%)
[Performance] ProcessService.OnProjectLoaded                                                                                                               :        1 samples, Peak.  86.1 us (1.0x), Avg.  86.1 us, Total. 86.10 us (0.0%)
[Performance] EditorSceneManager.sceneOpening: UnityEditor.SceneVisibilityManager.EditorSceneManagerOnSceneOpening                                         :        1 samples, Peak.   158 us (1.0x), Avg.   158 us, Total. 157.7 us (0.0%)
[Performance] Inspector.InitOrRebuild                                                                                                                      :        1 samples, Peak.   914 us (1.0x), Avg.   914 us, Total. 914.1 us (0.0%)
[Performance] EditorSceneManager.sceneOpened: OVRProjectSetupUpdater.OnEditorSceneManagerSceneOpened                                                       :        1 samples, Peak.  7.40 ms (1.0x), Avg.  7.40 ms, Total. 7.400 ms (0.0%)
[Performance] EditorSceneManager.sceneOpened: OVRSceneOpen.OnSceneOpened                                                                                   :        1 samples, Peak.  4.84 ms (1.0x), Avg.  4.84 ms, Total. 4.838 ms (0.0%)
[Performance] EditorSceneManager.sceneOpened: Meta.XR.BuildingBlocks.Editor.SceneListener.OnSceneOpened                                                    :        1 samples, Peak.  48.7 us (1.0x), Avg.  48.7 us, Total. 48.70 us (0.0%)
[Performance] EditorSceneManager.sceneOpened: callback in Oculus.Interaction.Editor.UnityObjectAddedBroadcaster                                            :        1 samples, Peak.   783 us (1.0x), Avg.   783 us, Total. 782.6 us (0.0%)
[Performance] EditorSceneManager.sceneOpened: MetaXRAcousticMapEditor.OnSceneOpened                                                                        :        1 samples, Peak.   391 us (1.0x), Avg.   391 us, Total. 390.8 us (0.0%)
[Performance] EditorSceneManager.sceneOpened: UnityEditor.SceneTemplate.SceneTemplateService.OnSceneOpened                                                 :        1 samples, Peak.   144 us (1.0x), Avg.   144 us, Total. 144.3 us (0.0%)
[Performance] EditorSceneManager.sceneOpened: UnityEditor.SceneVisibilityManager.EditorSceneManagerOnSceneOpened                                           :        1 samples, Peak.   110 us (1.0x), Avg.   110 us, Total. 110.3 us (0.0%)
[Performance] EditorSceneManager.sceneOpened: UnityEditor.SceneManagement.StageNavigationManager.OnSceneOpened                                             :        1 samples, Peak.  46.2 us (1.0x), Avg.  46.2 us, Total. 46.20 us (0.0%)
[Performance] SceneDataContainer.TransformHierarchyChangedSetParentCallback                                                                                :       12 samples, Peak.  20.1 us (6.4x), Avg.  3.15 us, Total. 37.80 us (0.0%)
[Performance] SceneVisibilityState.IsFlagSetInParents                                                                                                      :       12 samples, Peak.  2.90 us (3.5x), Avg.   833 ns, Total. 10.000 us (0.0%)
[Performance] PaletteAssetModificationProcessor.OnWillSaveAssets                                                                                           :        2 samples, Peak.   349 us (1.9x), Avg.   187 us, Total. 374.6 us (0.0%)
[Performance] AssetModificationProcessor.OnWillSaveAssets                                                                                                  :        2 samples, Peak.   418 us (2.0x), Avg.   212 us, Total. 424.7 us (0.0%)
[Performance] BuilderAssetModificationProcessor.OnWillSaveAssets                                                                                           :        2 samples, Peak.   390 us (2.0x), Avg.   199 us, Total. 398.0 us (0.0%)
[Performance] TerrainModificationProcessor.OnWillSaveAssets                                                                                                :        2 samples, Peak.   610 us (2.0x), Avg.   308 us, Total. 615.7 us (0.0%)
[Performance] EditorSceneManager.sceneSaving: UnityEditor.SceneTemplate.SceneTemplateService.OnSceneSaving                                                 :        1 samples, Peak.   312 us (1.0x), Avg.   312 us, Total. 312.0 us (0.0%)
[Performance] EditorSceneManager.sceneSaving: UnityEditor.SceneVisibilityManager.EditorSceneManagerOnSceneSaving                                           :        1 samples, Peak.   141 us (1.0x), Avg.   141 us, Total. 140.8 us (0.0%)
[Performance] PaletteAssetModificationProcessor.OnWillCreateAsset                                                                                          :        1 samples, Peak.   125 us (1.0x), Avg.   125 us, Total. 124.7 us (0.0%)
[Performance] BuilderAssetModificationProcessor.OnWillCreateAsset                                                                                          :        1 samples, Peak.   274 us (1.0x), Avg.   274 us, Total. 274.4 us (0.0%)
[Performance] AssetDatabase.ImportAsset                                                                                                                    :        1 samples, Peak.  79.8 ms (1.0x), Avg.  79.8 ms, Total. 79.75 ms (0.3%)
[Performance] EditorSceneManager.sceneSaved: UnityEditor.SceneTemplate.SceneTemplateService.OnSceneSaved                                                   :        1 samples, Peak.  42.9 ms (1.0x), Avg.  42.9 ms, Total. 42.93 ms (0.2%)
[Performance] EditorSceneManager.sceneSaved: UnityEditor.SceneVisibilityManager.EditorSceneManagerOnSceneSaved                                             :        1 samples, Peak.   138 us (1.0x), Avg.   138 us, Total. 138.1 us (0.0%)
[Performance] EditorApplication.quitting: Meta.XR.Samples.Editor.SampleMetadataTelemetry.OnEditorQuitting                                                  :        1 samples, Peak.   164 ms (1.0x), Avg.   164 ms, Total. 163.9 ms (0.7%)
[Performance] EditorApplication.quitting: OVREditorShutdown.OnEditorShutdown                                                                               :        1 samples, Peak.   241 ms (1.0x), Avg.   241 ms, Total. 240.6 ms (1.0%)
[Performance] EditorApplication.quitting: Meta.XR.Editor.PlayCompanion.Manager.OnEditorQuitting                                                            :        1 samples, Peak.   659 us (1.0x), Avg.   659 us, Total. 659.4 us (0.0%)
[Performance] EditorApplication.quitting: Meta.Voice.TelemetryUtilities.EditorTelemetry.OnUnityEditorQuitting                                              :        1 samples, Peak.  1.47 ms (1.0x), Avg.  1.47 ms, Total. 1.475 ms (0.0%)
[Performance] EditorApplication.quitting: UnityEditor.Tilemaps.SceneViewGridManager.EditorQuitting                                                         :        1 samples, Peak.   190 us (1.0x), Avg.   190 us, Total. 190.4 us (0.0%)
[Performance] EditorApplication.quitting: callback in UnityEditor.TextCore.Text.EditorEventCallbacks                                                       :        1 samples, Peak.  15.9 ms (1.0x), Avg.  15.9 ms, Total. 15.94 ms (0.1%)
[Performance] Killing ADB server                                                                                                                           :        1 samples, Peak.   182 ms (1.0x), Avg.   182 ms, Total. 182.0 ms (0.8%)
[Performance] Application.Shutdown.PauseProfilerSession                                                                                                    :        1 samples, Peak.  76.0 us (1.0x), Avg.  76.0 us, Total. 76.00 us (0.0%)
[Performance] Application.Shutdown.PauseAssetImportWorkers                                                                                                 :        1 samples, Peak.  1.51 ms (1.0x), Avg.  1.51 ms, Total. 1.508 ms (0.0%)
[Performance] Application.Shutdown.SaveAssets                                                                                                              :        1 samples, Peak.  14.8 ms (1.0x), Avg.  14.8 ms, Total. 14.79 ms (0.1%)
[Performance] Application.Shutdown.CleanupRenderPipeline                                                                                                   :        1 samples, Peak.  21.7 us (1.0x), Avg.  21.7 us, Total. 21.70 us (0.0%)
[Performance] Application.Shutdown.StopPreloadManager                                                                                                      :        1 samples, Peak.  10.1 ms (1.0x), Avg.  10.1 ms, Total. 10.13 ms (0.0%)
[Performance] Application.Shutdown.DestroyWorld                                                                                                            :        1 samples, Peak.  16.2 ms (1.0x), Avg.  16.2 ms, Total. 16.23 ms (0.1%)
[Performance] Application.Shutdown.CleanupAfterLoad                                                                                                        :        1 samples, Peak.  13.2 ms (1.0x), Avg.  13.2 ms, Total. 13.18 ms (0.1%)
[Performance] Application.Shutdown.Progress                                                                                                                :        1 samples, Peak.  21.5 us (1.0x), Avg.  21.5 us, Total. 21.50 us (0.0%)
[Performance] Application.Shutdown.GICleanupManagers                                                                                                       :        1 samples, Peak.   677 us (1.0x), Avg.   677 us, Total. 677.0 us (0.0%)
[Performance] Application.Shutdown.MenuCleanupClass                                                                                                        :        1 samples, Peak.   660 us (1.0x), Avg.   660 us, Total. 660.3 us (0.0%)
[Performance] Application.Shutdown.ADBSaveStateBeforeShutdown                                                                                              :        1 samples, Peak.  14.9 us (1.0x), Avg.  14.9 us, Total. 14.90 us (0.0%)
[Performance] Application.Shutdown.RemoteShutdown                                                                                                          :        1 samples, Peak.  1.20 us (1.0x), Avg.  1.20 us, Total. 1.200 us (0.0%)
[Performance] Application.Shutdown.CleanupVCProvider                                                                                                       :        1 samples, Peak.  17.8 us (1.0x), Avg.  17.8 us, Total. 17.80 us (0.0%)
[Performance] Application.Shutdown.InputShutdown                                                                                                           :        1 samples, Peak.  9.20 us (1.0x), Avg.  9.20 us, Total. 9.200 us (0.0%)
[Performance] Application.Shutdown.GizmoManagerDestroy                                                                                                     :        1 samples, Peak.   907 us (1.0x), Avg.   907 us, Total. 907.3 us (0.0%)
[Performance] Application.Shutdown.ProfilerSession                                                                                                         :        1 samples, Peak.   282 us (1.0x), Avg.   282 us, Total. 281.8 us (0.0%)
[Performance] Application.Shutdown.ReleaseGfxWindowOnAllGUIViews                                                                                           :        1 samples, Peak.   400 ns (1.0x), Avg.   400 ns, Total. 400.0 ns (0.0%)
[Performance] Application.Shutdown.CleanupEngine                                                                                                           :        1 samples, Peak.   163 ms (1.0x), Avg.   163 ms, Total. 163.5 ms (0.7%)
[Performance] Application.Shutdown.CleanupAssetDatabase                                                                                                    :        1 samples, Peak.  25.4 ms (1.0x), Avg.  25.4 ms, Total. 25.37 ms (0.1%)
[Performance] Application.Shutdown.ScriptCompilationCleanUp                                                                                                :        1 samples, Peak.  17.3 ms (1.0x), Avg.  17.3 ms, Total. 17.33 ms (0.1%)
[Performance] Application.Shutdown.DestroyJobSystem                                                                                                        :        1 samples, Peak.   219 us (1.0x), Avg.   219 us, Total. 219.1 us (0.0%)
[Performance] Application.Shutdown.CleanupPersistentManager                                                                                                :        1 samples, Peak.  3.22 ms (1.0x), Avg.  3.22 ms, Total. 3.217 ms (0.0%)
[Performance] Application.Shutdown.CleanupAsyncReadManager                                                                                                 :        1 samples, Peak.  1.09 ms (1.0x), Avg.  1.09 ms, Total. 1.086 ms (0.0%)
[Performance] Application.Shutdown.CleanupProgressBar                                                                                                      :        1 samples, Peak.  1.40 us (1.0x), Avg.  1.40 us, Total. 1.400 us (0.0%)
[Performance] Application.Shutdown.CleanupMono                                                                                                             :        1 samples, Peak.   116 ms (1.0x), Avg.   116 ms, Total. 116.2 ms (0.5%)
[Performance] Application.Shutdown.CleanupStdConverters                                                                                                    :        1 samples, Peak.  12.2 us (1.0x), Avg.  12.2 us, Total. 12.20 us (0.0%)
[Performance] Application.Shutdown.UnloadAllPlatformSupportModuleNativeDlls                                                                                :        1 samples, Peak.  1.00 us (1.0x), Avg.  1.00 us, Total. 1.000 us (0.0%)
[Performance] Application.Shutdown.UnloadAllPlatformSupportNativeLibraries                                                                                 :        1 samples, Peak.   100 ns (1.0x), Avg.   100 ns, Total. 100.0 ns (0.0%)
[Performance] Application.Shutdown.CleanupAutoDocumentation                                                                                                :        1 samples, Peak.   570 us (1.0x), Avg.   570 us, Total. 569.6 us (0.0%)
[Performance] Application.Shutdown.ShaderNameManagerDestroy                                                                                                :        1 samples, Peak.  52.8 us (1.0x), Avg.  52.8 us, Total. 52.80 us (0.0%)
[Performance] Application.Shutdown.CleanupCacheServer                                                                                                      :        1 samples, Peak.   300 ns (1.0x), Avg.   300 ns, Total. 300.0 ns (0.0%)
[Performance] Application.Shutdown.Virtualization_Shutdown                                                                                                 :        1 samples, Peak.   500 ns (1.0x), Avg.   500 ns, Total. 500.0 ns (0.0%)
[Performance] Application.Shutdown.DevConnections                                                                                                          :        1 samples, Peak.   153 us (1.0x), Avg.   153 us, Total. 152.9 us (0.0%)
Exiting batchmode successfully now!
Exiting without the bug reporter. Application will terminate with return code 0